FileName,Title,DrugName,BrandName,Drug_Type
00001,1 x POWER PLANT XL autoflower seed,POWER PLANT XL,,Cannabis  » Seeds
00003,1x Feminized AUTOFLOWER AK-47 Cannabis Seeds,KALASHNIKOV,,Cannabis  » Seeds
00004,1 x KALASHNIKOV autoflower seed,KALASHNIKOV,,Cannabis  » Seeds
00005,1x Feminized GORILLA GLUE Cannabis Seeds,GORILLA GLUE,,Cannabis  » Seeds
00007,1x Feminized CHEESE Cannabis Seeds from the Netherlands,CHEESE,,Cannabis  » Seeds
00010,1x Feminized WHITE WIDOW Cannabis Seeds from the Netherlands,WHITE WIDOW,,Cannabis  » Seeds
00011,Racemic Ketamine Powder - Australia local delivery (1 gram),Racemic Ketamine,,Dissociatives  » Ketamine
00017,⭐ ETOMETHAZENE BETTER THAN OXYCONTIN! 😊👌,ETOMETHAZENE,,Opioids  » Fentanyl
00018,Yk-11 Myostatin Inhibitator 100 ml 20 mg,Yk-11 Myostatin Inhibitator,,Steroids
00019,⭐ WHITE ISOTONITAZENE FREE SHIPPING WORLDWIDE 😊👌,WHITE ISOTONITAZENE,,Opioids  » Other
00025,Magic Mushrooms - 125mg microdose capsules x100,Magic Mushrooms,,Psychedelics  » Shrooms
00026,Wizard Fingers Psilocybin Mushrooms,Wizard Fingers Psilocybin Mushrooms,,Psychedelics  » Shrooms
00028,500g Gelato Dust Shake Trim £1400,Gelato Dust Shake Trim,,Cannabis  » Shake
00035,1-500g NEEDLE KETAMINE S-ISOMER SHARDS,NEEDLE KETAMINE,,Dissociatives  » Ketamine
00057,Hydroguru - 500 pills Hydrocodone 36/01,Hydrocodone,HYDROGURU,Opioids  » Hydrocodone
00059,M367 (Acetaminophen and Hydrocodone Bitartrate 325 mg / 10 mg),M367,,Opioids  » Hydrocodone
00067,lidocaine patch,lidocaine,,Stimulants  » Lidocaine
00073,Eu- Armodafinil ARTVIGIL 150mg 50-200 tabs,Armodafinil,ARTVIGIL,Prescription Drugs
00076,SGT-263 Available now,SGT-263,,Cannabis  » Synthetics
00081,Hydroguru - 1 Gram Methoxetamine (MXE),Methoxetamine (MXE),HYDROGURU,Dissociatives  » Methoxetamine (MXE)
00082,4-Meo-PCP in stocks with the best quality,4-Meo-PCP,,Dissociatives  » Methoxetamine (MXE)
00083,Methoxpropamine powder Available in stock,Methoxpropamine,,Dissociatives  » Methoxetamine (MXE)
00084,MOTHOXPROPAMINE BEST QUALITY TOP GFRADE WITH HIGH PURITY LEVEL,MOTHOXPROPAMINE,,Dissociatives  » Methoxetamine (MXE)
00085,"4-ACO-DMT (Psilacetin,4-Acetoxy-DMT) powder  / Psilocybin mushroom prodrug 500mg FREE SHIPPING",4-ACO-DMT,,Psychedelics  » Other
00086,8ball meth 3.5 grams Intro,Methamphetamine (Meth),8ball,Stimulants  » Methamphetamine (Meth)
00087,TESTOSTERONE ENENTHATE 250 MG/ML 10 ML MONSTERLAB,TESTOSTERONE ENANTHATE,Testosterone (MONSTERLAB),Steroids
00088,FREE DRUGS 25I Nbome Freebase X 1 1mg tabs,25I Nbome Freebase,,Psychedelics  » Other
00089,TRENBOLONE MIX 300 MG/ML 10 ML MONSTERLAB,TRENBOLONE,MONSTERLAB,Steroids
00090,25B Nbome Freebase x 100,25B Nbome Freebase,,Psychedelics  » Other
00091,25B Nbome Freebase x 10,25B Nbome Freebase,,Psychedelics  » Other
00131,EU - UK/US Super Kamagra  SILDENAFIL 100 mg  DAPOXETINE 60mg,Super Kamagra  SILDENAFIL DAPOXETINE,Super Kamagra,Prescription Drugs
00132,Teva Eu zopiclone 7.5mg 30 Tablets,Zopiclone,Teva,Benzodiazepine (Benzos)  » Zopiclone
00137,7g Gorilla Glue Dust Shake Trim  £25.2,Gorilla Glue,,Cannabis  » Shake
00138,KOLONOPIN / CLONAZEPAN ROCHE 2MG (30 PILLS) SHIPPING US TO US ONLY,KOLONOPIN/CLONAZEPAM,ROCHE,Benzodiazepine (Benzos)  » Other
00162,Racemic Ketamine Powder - Australia local delivery (0.5 gram),Racemic Ketamine,,Dissociatives  » Ketamine
00184,PFIZER ATIVAN / LORAZEPAM 2MG (30 PILLS) SHIPPING US TO US ONLY,ATIVAN/LORAZEPAM,ATIVAN (PFIZER),Benzodiazepine (Benzos)  » Other
00186,IVERMESTIN ANTIVIRAL COVID 19 MONSTERLAB,IVERMECTIN ANTIVIRAL,MONSTERLAB,Steroids
00205,"LETROZOL 2,5 MG/ML 30 ML MONSTERLAB",LETROZOLE,MONSTERLAB,Steroids
00208,Methamphetamine (Meth) available in stock,Methamphetamine (Meth),,Stimulants  » Methamphetamine (Meth)
00219,2 ounces GRADE A PURPLE Promethazine and Codeine Color Lean Syrup,Promethazine and Codeine,,Opioids  » Codeine Syrups/Solutions
00222,2CC 12mg tabs X 1000,2CC,,Psychedelics  » Other
00223,OXANDROLONE 25 MG/CAPSULE OR ML MONSTERLAB,OXANDROLONE,MONSTERLAB,Steroids
00227,X50 PREMIUM 30MG ADDERALL B974 PHARMGRADE PRESSED 24HR FREE SHIPPING!,ADDERALL B974,Adderall,Stimulants  » Adderall
00228,Kamagra Oral Jelly (Europe- Bulk Only!!),Kamagra Oral Jelly,Kamagra,Prescription Drugs
00229,Generic Viagra Sildenafil 150 mg Cenforce x 50/100/200/500 Tablets,Generic Viagra Sildenafil,Cenforce,Prescription Drugs
00230,x20 PRESSED SMOKABLE/SMACKER 30MG OXYCODONE RAPID SHIPPING,OXYCODONE,,Opioids  » Oxycodone
00231,8MG Dilaudid Hydromorphone Dilly 8's Purdue (Minimum order 100 pills),Dilaudid Hydromorphone,Dilaudid (Purdue Pharma Company),Opioids  » Hydromorphone
00232,X50 Affordable Percocet Pills Pharma Grade,oxycodone/acetaminophen,Percocet,Opioids  » Other
00233,$New Vendor Sample Special Best pressed m30s on the web come try it! x1 $10,oxycodone (M30s),,Opioids  » Oxycodone
00234,REVOTRIL / KOLONOPIN / CLONAZEPAN ROCHE 10MG (30 PILLS) SHIPPING US TO US ONLY,RIVOTRIL/KOLONOPIN/CLONAZEPAM,ROCHE,Benzodiazepine (Benzos)  » Other
00235,US to US Generic Diazepam Valium 10mg x 180 Tablets,Diazepam Valium,Valium,Benzodiazepine (Benzos)  » Other
00236,Quality KU Crystal 10g / 10g KU crystal shipping world wide,KU Crystal,,Benzodiazepine (Benzos)  » Other
00238,PFIZER ATIVAN / LORAZEPAM 2MG (90 PILLS) SHIPPING US TO US ONLY,ATIVAN/LORAZEPAM,ATIVAN (PFIZER),Benzodiazepine (Benzos)  » Other
00251,Generic Strattera ATOMOXET 25mg ATOMOXETINE x 30/90/180/360 Tablets,ATOMOXET,Strattera,Prescription Drugs
00252,Clonazepam 10mg Pharma Grade,Clonazepam,,Prescription Drugs
00255,Nutrobal (Mk-677) 100 ml 20 mg monsterlab,Nutrobal (Mk-677),MONSTERLAB,Steroids
00264,PURE ETIZOLAM RAW POWDER,ETIZOLAM,,Benzodiazepine (Benzos)  » Powder
00266,Nebutal sodium,Nembutal sodium,,Benzodiazepine (Benzos)  » Powder
00267,Hydroguru - Pure Alprazolam Powder 99% Purity- Tested,Alprazolam,HYDROGURU,Benzodiazepine (Benzos)  » Powder
00268,High Quality Etizolam Powder,Etizolam,,Benzodiazepine (Benzos)  » Powder
00269,High quality Deschloroetizolam Powder,Deschloroetizolam,,Benzodiazepine (Benzos)  » Powder
00270,Yk-11 Myostatin Inhibitator 50 ml 20mg,Yk-11 Myostatin Inhibitator,,Steroids
00271,Durban Poison DP,Durban Poison,,Cannabis  » Buds and Flowers
00272,oxycodone 30mg*20pills (m30oxy pharma) US ONLY,oxycodone,,Opioids  » Oxycodone
00273,50Grams HQ Oxycodone Hcl Powder 99% Pure,oxycodone hydrochloride (HCl),,Opioids  » Oxycodone
00299,Stardawg aka Stardog THC: 22% - 25%,Stardawg/Stardog,,Cannabis  » Buds and Flowers
00302,❤️400 XTC PILLS BLUE PUNISHERS SHIPPED FROM GERMANY❤️,XTC PILLS BLUE PUNISHERS,BLUE PUNISHERS,Ecstasy  » XTC Pills
00303,25GRAM - (WELCOME DEAL)  - SPEED *** AMPHETAMINE PASTE 78% TOP QUALITY +++,AMPHETAMINE PASTE,,Stimulants  » Amphetamine/Speed
00304,★★ Speed paste High Quality 85% @  ★★★★ TyskieCrew ★★★★,Speed paste,,Stimulants  » Amphetamine/Speed
00305,★ ★★ Dry Speed High Quality 76% ★ ★★,Dry Speed,,Stimulants  » Amphetamine/Speed
00306,💵💵💵💵💵💵 >>>>100 ICE SPEED PILLS<<<< 💵💵💵💵💵💵💵,ICE SPEED PILLS,,Stimulants  » Amphetamine/Speed
00307,💕✨ Pink Glitter Tesla XTC Pills MDMA (With Glow in the Dark),Pink Glitter Tesla XTC Pills MDMA,Pink Glitter Tesla,Ecstasy  » XTC Pills
00308,💠✨PUNISHER XTC PILLS BABYBLUE MDMA HIGH QUALITY ✨💠,PUNISHER XTC PILLS BABYBLUE MDMA,PUNISHER,Ecstasy  » XTC Pills
00309,💠✨PUNISHER XTC PILLS BABYBLUE MDMA HIGH QUALITY ✨,PUNISHER XTC PILLS BABYBLUE MDMA,PUNISHER,Ecstasy  » XTC Pills
00311,Cialis Vidalista x 180 pills,Cialis Vidalista,VIDALISTA,Stimulants  » Sexual Stimulants
00312,1 GRAM - BHO - SHATTER - DAB,Butane Hash Oil (BHO),,Cannabis  » Concentrates
00313,** AMNESIA ROSIN / WAX ** - Solventless - TOP CONCENTRATE - AAA+++,AMNESIA ROSIN/Wax,,Cannabis  » Concentrates
00314,MONSTER MIX SPRAY 125 MG/ML 100 ML MONSTERLAB,MONSTER MIX SPRAY,MONSTERLAB,Steroids
00315,** GELATO OIL ROSIN / WAX ** - Solventless - TOP CONCENTRATE - AAA+++,GELATO OIL ROSIN/Wax,,Cannabis  » Concentrates
00317,TRESTOLONE SUBLINGUAL DROPS 40 MG/ML 30ML,TRESTOLONE SUBLINGUAL DROPS,,Steroids
00337,LSD - 1 Sheet (100 Hits),LSD,,Psychedelics  » LSD
00357,"ANASTROZOL (AREMIDEX) 1,5 MG/ML 30 ML MONSTERLAB",ANASTROZOLE (AREMIDEX),MONSTERLAB,Steroids
00366,Ketamine Solution 500mg/10ml (50mg/ml),Ketamine Solution,,Dissociatives  » Ketamine
00367,50ML GHB - GBL 99.99% PURE QUALITY WITH FAST AND SECURED SHIPPING,GHB - GBL,,Dissociatives  » GHB/GBL
00368,KETAMINE NEEDLES and get FREE gram,KETAMINE NEEDLES,,Dissociatives  » Ketamine
00369,1 - 10 Grams Pure S+ Isomer Ketamine Sugar Type Labtested Worldwide Shipping Priority Stealth ESCROW,S+ Isomer Ketamine,,Dissociatives  » Ketamine
00370,10 - 100 LSD Blotters 200 µg Needlepoint Crystal 99% Labtested Worldwide Shipping Priority Stealth E,LSD Blotters and Needlepoint Crystal,,Psychedelics  » LSD
00371,1 - 10 Grams Pure Champagne MDMA Molly Labtested Worldwide Shipping Priority Stealth ESCROW,XTC (MDMA),,Ecstasy  » MDMA
00373,Dihydrocodeine DHC 30mg 30tabs UK PHARMA,Dihydrocodeine (DHC),,Opioids  » Dihydrocodeine
00374,US to US Generic Viagra Sildenafil 150 mg Cenforce x 180 Tablets,Generic Viagra Sildenafil,Cenforce,Prescription Drugs
00382,Klonopin Clonazepam 2mg x 180 pills,Clonazepam,Klonopin,Benzodiazepine (Benzos)  » Lorazepam
00384,X250 PREMIUM 30MG ADDERALL B974 PHARMGRADE PRESSED 24HR FREE SHIPPING!,ADDERALL B974,Adderall,Stimulants  » Adderall
00390,7 Grams Racemic Ketamine,Racemic Ketamine,,Dissociatives  » Ketamine
00404,GHB 50ML WITH 99% PURITY free shipping,GHB,,Dissociatives  » GHB/GBL
00428,1KILO COKE - PICTURES ARE COMMING! (WELCOME DEAL) - ★ Pure uncot TOP Quality cocaïne ★,COKE,,Stimulants  » Cocaine
00429,NEW PRICE !! Cocaine - High Quality - shipped from DE,Cocaine,,Stimulants  » Cocaine
00430,Racemic Ketamine Powder - Australia local delivery (56 grams),Racemic Ketamine,,Dissociatives  » Ketamine
00431,Racemic Ketamine Powder - Australia local delivery (5 grams),Racemic Ketamine,,Dissociatives  » Ketamine
00432,Racemic Ketamine Powder - Australia local delivery (14 grams),Racemic Ketamine,,Dissociatives  » Ketamine
00433,"3.5G Original La Paz, Bolivian Uncut Raw Cocaine","Original La Paz, Bolivian Uncut Raw Cocaine",,Stimulants  » Cocaine
00434,"5G Original La Paz, Bolivian Uncut Raw Cocaine.","Original La Paz, Bolivian Uncut Raw Cocaine",,Stimulants  » Cocaine
00435,"2G Original La Paz, Bolivian Uncut Raw Cocaine","Original La Paz, Bolivian Uncut Raw Cocaine",,Stimulants  » Cocaine
00436,"1G Original La Paz, Bolivian Uncut Raw Cocaine","Original La Paz, Bolivian Uncut Raw Cocaine",,Stimulants  » Cocaine
00437,Racemic Ketamine Powder - Australia local delivery (112 grams),Racemic Ketamine,,Dissociatives  » Ketamine
00438,Direct Peruvian Import A+ Uncut Cocaine - Australia local delivery (1 gram),Direct Peruvian Import A+ Uncut Cocaine,,Stimulants  » Cocaine
00440,Gorilla Glue Quality +++ 21% THC Indoor 5G,Gorilla Glue,,Cannabis  » Buds and Flowers
00443,56 Grams Indoor Bud - Durban Poison/Fresh Harvest,Durban Poison/,,Cannabis  » Buds and Flowers
00451,*Indoor* LA Cake 28g(1oz),Indoor LA Cake 28g(1oz),,Cannabis  » Buds and Flowers
00452,*Indoor* G13    448g(16oz),Indoor G13 448g(16oz),,Cannabis  » Buds and Flowers
00453,Loose Cali Oreoz,Loose Cali Oreoz,,Cannabis  » Buds and Flowers
00454,Blue Berry/Gorilla Glue/Orange Bud/ Amnesia Haze Weed Tester 1g,Blue Berry/Gorilla Glue/Orange Bud/ Amnesia Haze Weed Tester 1g,,Cannabis  » Buds and Flowers
00455,Gorilla Glue Quality +++ 21% THC Indoor 2G,Gorilla Glue,,Cannabis  » Buds and Flowers
00457,*Indoor* Crystal Coma 56g(2oz),Crystal Coma,,Cannabis  » Buds and Flowers
00458,10X PURE MDMA,MDMA,,Ecstasy  » XTC Pills
00482,5C-AKB48 5-chloro-AKB-48 IUPAC Available,5C-AKB48 5-chloro-AKB-48 IUPAC,,Other
00483,UK Pharma Diazepam 10mg 28 tablets,Diazepam,UK Pharma,Benzodiazepine (Benzos)  » Diazepam (Valium)
00485,Best grade of SET-151 available right now,SET-151,,Other
00491,Eu to US/UK Xanax Alprazolam 1mg Galenika  100-200 tabs,Alprazolam,Xanax (Galenika company),Prescription Drugs
00492,Generic Strattera ATOMOXET 60mg ATOMOXETINE x 30/90/180/360 Tablets,ATOMOXETINE,ATOMOXET,Prescription Drugs
00493,Armodafinil Artvigil 150mg x 50/100/200 Tablets,Armodafinil,Artvigil,Prescription Drugs
00494,50GR S-Isomere Ketamine - 95% pure sugar style A+++Indian,S-Isomere Ketamine,,Dissociatives  » Ketamine
00495,Eu to EU Tramadol travex 150mg  300-500 tabs,Tramadol,Travex,Prescription Drugs
00496,💪 Special Purple Opioid blend ships out from NORTH AMERICA 🤤🍉,Special Purple Opioid,,Opioids  » Fentanyl
00497,7g Amnesia Haze Dust Shake Trim £29,Amnesia Haze Dust Shake Trim,,Cannabis  » Shake
00498,28g Nicole Kush Hash £350,Nicole Kush Hash,,Cannabis  » Hash
00499,High quality hash imported from Morocco x7g UK-UK ONLY,hash imported from Morocco,,Cannabis  » Hash
00500,THE BEST ---Super M30 Oxycodone Pressed Pharma grade SALE,Super M30 Oxycodone,,Opioids  » Oxycodone
00505,Methylphenidate Hydrochloride POWDER,Methylphenidate Hydrochloride,,Stimulants  » Methylphenidate
00508,Anadrine (S4) 50 ml 50 mg monsterlab,Anadrine,MONSTERLAB,Steroids
00510,DIANABOL 50 MG/CAPSULE OR ML MONSTERLAB,DIANABOL,MONSTERLAB,Steroids
00511,S-23 Monster Power 50 ml 50 mg,S-23 Monster Power,,Steroids
00512,TRENBOLONE ACETATE 100 MG/ML 10 ML MONSTERLAB,TRENBOLONE ACETATE,MONSTERLAB,Steroids
00513,"ANASTROZOL 1,5 MG/ML 100 ML MONSTERLAB",ANASTROZOL,MONSTERLAB (Arimdex),Steroids
00514,EXEMESTANE 25 MG/ML 30 ML MONSTERLAB,EXEMESTANE,MONSTERLAB (Aromasin),Steroids
00515,30 x 10mg Ambien (zolpidem) Pharmacy..USA - USA,zolpidem,Ambien,Stimulants  » Methylphenidate
00517,Hydroguru - Promethazine Codeine,Promethazine Codeine,HYDROGURU,Opioids  » Codeine
00519,Co-Codamol 30mg/500mg 50 tabs,Co-Codamol,Co-Codamol,Opioids  » Codeine
00520,Codeine phosphate 15 mg 28 tabs UK PHARMA,Codeine phosphate,UK PHARMA,Opioids  » Codeine
00527,100x Peace 200UG LSD,LSD,,Psychedelics  » LSD
00530,🍍 Pineapple Express - Dry Sift Hash THC ~44% 🍍 PROMO,Dry Sift Hash THC ~44%,,Cannabis  » Hash
00531,10 gr. High quality hash DRY EXTRACTION (MENDOSA),hash DRY EXTRACTION (MENDOSA),,Cannabis  » Hash
00532,macarons gorilla glue  filtered x3,macarons gorilla glue filtered,,Cannabis  » Hash
00533,Super Hash pollen / Amnesia Polm Rif Morocco,Super Hash pollen / Amnesia Polm Rif Morocco,,Cannabis  » Hash
00534,Super Hash / Hoceïma  Rif Morocco,Super Hash / Hoceïma Rif Morocco,,Cannabis  » Hash
00535,BOLDENONE 500MG/ML MONSTERLAB,BOLDENONE,MONSTERLAB,Steroids
00536,NANDROLONE DECANOATE (DECA) 500 MG/ML 10 ML,NANDROLONE DECANOATE (DECA),Nandrolone,Steroids
00538,BOLDENONE LOTION 100 MG/ML 100 ML MONSTERLAB,BOLDENONE LOTION,MONSTERLAB,Steroids
00540,Klonopin Clonazepam 2mg x 90 pills,Clonazepam,Klonopin,Benzodiazepine (Benzos)  » Lorazepam
00541,Hydroguru - Soma 500mg Carisoprodol 500mg,Soma 500mg Carisoprodol 500mg,HYDROGURU,Opioids  » Opium
00542,Super M30 Oxycodone Pressed Pharma grade SALE,Super M30 Oxycodone,,Opioids  » Oxycodone
00544,28g Amnesia Haze Dust Shake Trim £107,Amnesia Haze Dust Shake Trim,,Cannabis  » Shake
00547,Cialis Tadalafil VIDALISTA 40mg x 50/100/200/500 tablets,Tadalafil,Cialis/VIDALISTA,Prescription Drugs
00548,VST research MK677,MK677,VST research,Steroids
00549,TESTOSTERONE CYPIONATE 250 MGML 10 ML MONSTERLAB,TESTOSTERONE CYPIONATE,Testosterone (MONSTERLAB),Steroids
00550,125g Super Lemon Haze Dust Shake Trim  £412.5,Super Lemon Haze Dust Shake Trim,,Cannabis  » Shake
00552,Stenabolic (Sr9009) 100ml 20mg/ml Monsterlab,Stenabolic (Sr9009),MONSTERLAB,Steroids
00553,7g Super Lemon Haze Dust Shake Trim  £29,Super Lemon Haze Dust Shake Trim,,Cannabis  » Shake
00554,14g Amnesia Haze Dust Shake Trim £56,Amnesia Haze Dust Shake Trim,,Cannabis  » Shake
00555,LAMISIL NAIL FUNGUS TREATMENT MONSTERLAB,LAMISIL NAIL FUNGUS TREATMENT,MONSTERLAB,Steroids
00556,MASTERON 500MG/ML MONSTERLAB,MASTERON,MONSTERLAB,Steroids
00557,DIANABOL SUBLINGUAL DROPS 40 MG/ML 30 ML,DIANABOL SUBLINGUAL DROPS,,Steroids
00558,BEST Ketamine Sugar - High Qualitiy,Ketamine Sugar,,Dissociatives  » Ketamine
00561,KETAMINE HIGH QUALITY MEDICAL GRADE,KETAMINE,Ketalar,Dissociatives  » Ketamine
00568,3MMC Mephedron HQ - Best 3-MMC Mephedron you can find,3-MMC Mephedron,,Stimulants  » Mephedrone
00574,Testosterone-acentate raw powder,Testosterone-acentate,Testosterone,Other
00575,Isotonitazene 5gram (CAS Number: 14188-81-9) 99%,Isotonitazene,,Other
00576,Secobarbital Sodium USP,Secobarbital Sodium USP,,Other
00579,ADB-FUB1NACA BEST QUALITY YOU WILL EVER FIND THIS YEAR,ADB-FUB1NACA,,Cannabis  » Synthetics
00580,500 pills Hydrocodone 36/01,Hydrocodone,,Opioids  » Hydrocodone
00581,SkyWalker OG,SkyWalker OG,,Cannabis  » Buds and Flowers
00583,Molly powder,Molly powder,,Ecstasy  » Methylone
00584,MDPT Stimulants Available in stocks,MDPT Stimulants,,Ecstasy  » Methylone
00608,Ghetto Freebase CRACK Cocaine (US 2 US),Ghetto Freebase CRACK Cocaine,,Stimulants  » Crack
00609,0.5 - 100 grams of Excellent Quality Crack Cocaine 89% - FREE SHIPPING !,Crack Cocaine,,Stimulants  » Crack
00610,.5g Pure Crack sample USA-USA,Pure Crack sample,,Stimulants  » Crack
00612,High quality Crack Cocaine 1g,Crack Cocaine,,Stimulants  » Crack
00626,"DNP (2,4-Dinitrophenol) 200mg 50 CAPSULES","DNP (2,4-Dinitrophenol)",,Weight Loss
00628,Ostarine (Mk-2866) 50 ml 20 mg monsterlab,Ostarine (Mk-2866),MONSTERLAB,Steroids
00629,HYDROGURU - SUBUTEX (BUPRENORPHINE) 8MG,SUBUTEX (BUPRENORPHINE),Subutex (HYDROGURU),Opioids  » Buprenorphine/Naloxone
00630,SUBOXONE FILM 8mg - ozbabe,SUBOXONE FILM,SUBOXONE,Opioids  » Buprenorphine/Naloxone
00631,300 Clonazepam Klonopin/Rivotril 2mg,Clonazepam,Klonopin/Rivotril,Opioids  » Buprenorphine/Naloxone
00632,500pills Dexedrine (Dextroamphetamine) 15mg,Dextroamphetamine,Dexedrine,Benzodiazepine (Benzos)  » Diazepam (Valium)
00633,Nembutal Powder High Purity,Nembutal,,Opioids  » Other
00634,🤎⭐️ HEROINE,HEROINE,,Opioids  » Heroin
00635,(7g) #4  UNCUT HEROIN,HEROIN,,Opioids  » Heroin
00636,🤎⭐️ HEROINE,HEROINE,,Opioids  » Heroin
00637,"NEW PRICE !! Black Tar Heroin, pure uncut",Black Tar Heroin,,Opioids  » Heroin
00638,Speed paste amphetamine 78% pure,Speed paste amphetamine,,Stimulants  » Amphetamine/Speed
00639,25G SPEED APHETAMIN PASTE,SPEED APHETAMIN PASTE,,Stimulants  » Amphetamine/Speed
00640,1KILO - (WELCOME DEAL)  - SPEED *** AMPHETAMINE PASTE 78% TOP QUALITY +++,AMPHETAMINE PASTE,,Stimulants  » Amphetamine/Speed
00641,Speed Paste Pure BLUEMAGIC,Speed Paste,BLUEMAGIC,Stimulants  » Amphetamine/Speed
00642,100GRAM - (WELCOME DEAL)  - SPEED *** AMPHETAMINE PASTE 78% TOP QUALITY +++,AMPHETAMINE PASTE,,Stimulants  » Amphetamine/Speed
00643,5g Amphetamine (Speed) Sulfate,Amphetamine (Speed) Sulfate,,Stimulants  » Amphetamine/Speed
00644,50g of quality speed paste,speed paste,,Stimulants  » Amphetamine/Speed
00645,500 ML ★ PURE A-OIL MADE IN HOLLAND ★ - AMPHETAMINE OIL,AMPHETAMINE OIL,,Stimulants  » Amphetamine/Speed
00646,2 grams - Amphetamine Sulfate Speed Powder,Amphetamine Sulfate Speed Powder,,Stimulants  » Amphetamine/Speed
00647,Amphetamine Pure Speed Powder - Speed Pure Powder,Amphetamine Pure Speed Powder,,Stimulants  » Amphetamine/Speed
00648,Speed Amphetamine Paste 76%,Speed Amphetamine Paste,,Stimulants  » Amphetamine/Speed
00649,5GRAM - (WELCOME DEAL)  - SPEED *** AMPHETAMINE PASTE 78% TOP QUALITY +++,AMPHETAMINE PASTE,,Stimulants  » Amphetamine/Speed
00650,ORANGE CROSS CAPS x 24,ORANGE CROSS CAPS,,Stimulants  » Amphetamine/Speed
00651,Speed Paste / amphetamines sulfat / GermanTraffic from AlphaBay,Speed Paste,,Stimulants  » Amphetamine/Speed
00652,50GRAM - (WELCOME DEAL)  - SPEED *** AMPHETAMINE PASTE 78% TOP QUALITY +++,AMPHETAMINE PASTE,,Stimulants  » Amphetamine/Speed
00653,25g - SPEED - Uncut Amphetamine,SPEED AMPHETAMINE,,Stimulants  » Amphetamine/Speed
00654,SPEED AMPHETAMINE PASTE 74% / AAA+ HQ /,SPEED AMPHETAMINE PASTE,,Stimulants  » Amphetamine/Speed
00655,PURE 84% Lab Tested Speed Paste,Speed Paste,,Stimulants  » Amphetamine/Speed
00656,20g PURE SPEED PASTE... UK - UK,PURE SPEED PASTE,,Stimulants  » Amphetamine/Speed
00657,💵💵💵💵💵💵 >>>>50 ICE SPEED PILLS<<<< 💵💵💵💵💵💵💵,ICE SPEED PILLS,,Stimulants  » Amphetamine/Speed
00658,Speed Amphetamine paste 74%,Speed Amphetamine paste,,Stimulants  » Amphetamine/Speed
00661,Premium Amphetamine Speed Powder,Amphetamine Speed Powder,,Stimulants  » Amphetamine/Speed
00662,Speed Paste 74% BLUEMAGIC,Speed Paste,BLUEMAGIC,Stimulants  » Amphetamine/Speed
00663,TESTOSTERON SUBLINGUAL DROPS 40 MG/ML,TESTOSTERON SUBLINGUAL DROPS,,Steroids
00664,THC VAPE JUICE 10ml Yummy Yellow Zushi 3000mg,THC VAPE JUICE 10ml Yummy Yellow Zushi 3000mg,,Cannabis  » Cartridges
00665,Grapefruit Disposable Vape Cartridge Pen,Grapefruit Disposable Vape Cartridge Pen,,Cannabis  » Cartridges
00666,100Grams HQ Oxycodone Hcl Powder 99% Pure,oxycodone hydrochloride (HCl),,Opioids  » Oxycodone
00667,Category 3 D9 THC Carts,Category 3 D9 THC Carts,,Cannabis  » Cartridges
00668,THC VAPE JUICE 10ml Cool Blue Zushi 3000mg,THC VAPE JUICE 10ml Cool Blue Zushi 3000mg,,Cannabis  » Cartridges
00669,"1 Gram ~~N,N DMT Carts ~~ 1:1 DMT:Terps","N,N DMT Carts ~~ 1:1 DMT:Terps",,Psychedelics  » DMT
00670,DMT Dream Sand,DMT Dream Sand,Dream Sand,Psychedelics  » DMT
00671,The Ultimate DMT Experience,DMT,,Psychedelics  » DMT
00672,PURE 1G Yellow DMT Freebase,Yellow DMT,,Psychedelics  » DMT
00673,DMT Vape Cart 500mg     FREE SHIPPING,DMT Vape Cart,,Psychedelics  » DMT
00674,HQ 10Gs 5-Meo-Dmt Purity 98%,5-Meo-DMT,,Psychedelics  » DMT
00675,250mg Freebase DMT - Very Pure,Freebase DMT,,Psychedelics  » DMT
00676,DPT Hydrochloride  Avail in stocks,DPT Hydrochloride,,Psychedelics  » DMT
00677,Fluffy White Pure DMT,White Pure DMT,,Psychedelics  » DMT
00678,20 pills viagra cenforce Brand Express Ship only,viagra,cenforce,Stimulants  » Sexual Stimulants
00679,kamagra oral jelly 100mg (GER) 8box - 56 jellys,kamagra oral jelly,kamagra,Stimulants  » Sexual Stimulants
00680,*US to US* 90 pills BRAND Viagra 100mg Sildenafil ONLY 75 usd,Viagra,Viagra,Stimulants  » Sexual Stimulants
00681,AJANTA KAMAGRA SINDENAFIL 100MG 7 SACHETS in 1 BOX,AJANTA KAMAGRA SINDENAFIL,Ajanta Pharma,Stimulants  » Sexual Stimulants
00682,20 Pills Viagra 100mg USA To USA Express,Viagra,Viagra,Stimulants  » Sexual Stimulants
00684,MDA AVAILABLE IN STOCK,MDA,,Ecstasy  » MDA
00686,1KILO - 3-MMC ★ FROM HOLLAND Methaphedrone 99% - ★ TOP QUALITY ★,3-MMC,,Stimulants  » Other
00687,2Gram 3-MMC ★ FROM HOLLAND Methaphedrone 99% - ★ TOP QUALITY ★,3-MMC,,Stimulants  » Other
00688,100Gram 3-MMC ★ FROM HOLLAND Methaphedrone 99% - ★ TOP QUALITY ★,3-MMC,,Stimulants  » Other
00689,⭐ O-DSMT FREE SHIPPING WORLDWIDE 😊👌,O-DSMT,,Opioids  » Other
00690,180 x 1mg ativan lorazepam - US Domestic FAST Shipping,lorazepam,ativan,Opioids  » Other
00691,5gram PROTONITAZENE( Best Quality),PROTONITAZENE,,Opioids  » Other
00694,** Marathon OG ROSIN / WAX ** - Solventless - TOP CONCENTRATE - AAA+++,Marathon OG ROSIN/WAX,,Cannabis  » Concentrates
00708,GREEN CRACK,GREEN CRACK,,Cannabis  » Buds and Flowers
00720,DIANABOL 25 MG/CAPSULE OR ML MONSTERLAB,DIANABOL,MONSTERLAB,Steroids
00721,MAROL 200MG tramadol 10tabs UK TEVA BRAND,tramadol,Teva,Opioids  » Tramadol
00722,Tramadol 100mg Blistered Packaging (30 pills) New Seller first 10 buyers will recieve 5 extra pills.,tramadol,Ultram,Opioids  » Tramadol
00725,Alprazopam powder,Alprazopam,,Benzodiazepine (Benzos)  » Alprazolam (Xanax)
00726,Diclapam Powder available in stock,Diclapam Powder,,Benzodiazepine (Benzos)  » Diazepam (Valium)
00727,USA-USA heroin hcl 1g offwhite/gray,heroin hcl,,Opioids  » Heroin
00728,BROWN HERION,BROWN HERION,,Opioids  » Heroin
00729,❤️10 GRAM BEST CRYSTAL METH SHARDS SHIPPED FROM GERMANY ❤️,CRYSTAL METH,,Stimulants  » Methamphetamine (Meth)
00730,Heroin ★ Pure Heroin Real Direct Import Hero 93%★,Heroin,,Opioids  » Heroin
00731,Hong Kong Crystal Methamphetamine (Meth) Top Quality (1G),Hong Kong Crystal Meth,,Stimulants  » Methamphetamine (Meth)
00732,Hong Kong Crystal Meth Top Quality,Hong Kong Crystal Meth,,Stimulants  » Methamphetamine (Meth)
00733,*Crystal Meth (ephedrine) HIGH QUALITY!* %99,Crystal Meth (ephedrine),,Stimulants  » Methamphetamine (Meth)
00734,Hydroguru - Canadian & Indian Crystal Clear Meth 99% Purity High Grade,Canadian & Indian Crystal Clear Meth,HYDROGURU,Stimulants  » Methamphetamine (Meth)
00735,14G CARTEL METH - HIGH POTENCY - FREE SHIPPING! 24HR SHIPPING!,CARTEL METH,,Stimulants  » Methamphetamine (Meth)
00736,CRYSTAL METH SHARDS,CRYSTAL METH SHARDS,,Stimulants  » Methamphetamine (Meth)
00737,【New Meth A+】 CRYSTAL Meth ICE Rock,CRYSTAL Meth ICE Rock,,Stimulants  » Methamphetamine (Meth)
00738,Best quality and high purity level of Ephedrine Hcl Powder in stock,Ephedrine Hcl Powder,,Stimulants  » Methamphetamine (Meth)
00739,white crstal meth,white crstal meth,,Stimulants  » Methamphetamine (Meth)
00740,OZ    **** Crystal meth FREE SHIPPING **** Very High quality,Crystal meth,,Stimulants  » Methamphetamine (Meth)
00741,*REGULAR* 1.0 gram ICE CRYSTAL METH Australia,ICE CRYSTAL METH Australia,,Stimulants  » Methamphetamine (Meth)
00742,Hydroguru - Pure Crystal Meth - Safe Delivery,Crystal Meth,HYDROGURU,Stimulants  » Methamphetamine (Meth)
00743,100GRAM COKE - PICTURES ARE COMMING! (WELCOME DEAL) - ★ Pure uncot TOP Quality cocaïne ★,COKE,,Stimulants  » Cocaine
00744,10x Super Hofmann 325UG LSD,Super Hofmann LSD,Super Hofmann,Psychedelics  » LSD
00745,50x Super Hofmann 325UG LSD,Super Hofmann LSD,Super Hofmann,Psychedelics  » LSD
00746,25 PCS - LSD High Quality 250 UGL,LSD,,Psychedelics  » LSD
00747,Ghostbusters LSD tab 350 micro grams 350 UG 99.5%+ pure Aztec,Ghostbusters LSD,Ghostbusters,Psychedelics  » LSD
00748,x50 LSD Tabs - 105mcg/Tab,LSD,,Psychedelics  » LSD
00749,UFO XTC PILLS 200MG - NDD UK,UFO XTC PILLS,UFO,Psychedelics  » LSD
00750,UFO XTC PILLS 300MG - NDD UK,UFO XTC PILLS,UFO,Ecstasy  » XTC Pills
00751,SUPERMAN XTC PILLS 250MG - NDD UK,SUPERMAN XTC PILLS,SUPERMAN,Ecstasy  » XTC Pills
00752,SUPERMAN XTC PILLS 300MG - NDD UK,SUPERMAN XTC PILLS,SUPERMAN,Ecstasy  » XTC Pills
00753,ORANGE TESLA XTC PILLS 250MG - NDD UK,ORANGE TESLA XTC PILLS,ORANGE TESLA,Ecstasy  » XTC Pills
00754,POKEMON XTC PILLS 250MG - NDD UK,POKEMON XTC PILLS,POKEMON,Ecstasy  » XTC Pills
00755,POKEMON XTC PILLS 300MG - NDD UK,POKEMON XTC PILLS,POKEMON,Ecstasy  » XTC Pills
00756,BLUE PUNISHER XTC PILLS 300MG - NDD UK,BLUE PUNISHER XTC PILLS,BLUE PUNISHER,Ecstasy  » XTC Pills
00757,HYDROGURU - 50 X PANAMA XTC PILLS 300mg-,PANAMA XTC PILLS,HYDROGURU,Ecstasy  » XTC Pills
00758,AUDI XTC PILLS 250MG - NDD UK,AUDI XTC PILLS,AUDI,Ecstasy  » XTC Pills
00759,Premium XTC - 280MG Blue Punisher - Ecstasy Pills - HQ,Blue Punisher Ecstasy Pills,Blue Punisher,Ecstasy  » XTC Pills
00760,50 X PANAMA XTC PILLS 300mg-,PANAMA XTC PILLS,PANAMA,Ecstasy  » XTC Pills
00761,Wedding Cake,Wedding Cake,,Cannabis  » Buds and Flowers
00762,Tesla ECSTACY PILLS PURE MDMA FREE,Tesla ECSTACY PILLS,TESLA,Ecstasy  » XTC Pills
00763,*Indoor* Thai 224g(8oz),Thai,,Cannabis  » Buds and Flowers
00764,XTC blue punisher,blue punisher,blue punisher,Ecstasy  » XTC Pills
00765,XTC PILLS ECSTASY 270MG PURE MDMA,XTC PILLS ECSTASY,,Ecstasy  » XTC Pills
00766,SKULL FACE XTC PILLS 250MG - NDD UK,SKULL FACE XTC PILLS,SKULL FACE,Ecstasy  » XTC Pills
00767,SKULL FACE XTC PILLS 300MG - NDD UK,SKULL FACE XTC PILLS,SKULL FACE,Ecstasy  » XTC Pills
00768,Mickey Mouse LSD 250ug FREE NDD - UK,Mickey Mouse LSD,Mickey Mouse,Psychedelics  » LSD
00769,*REGULAR* 3.5 grams MDMA Ecstasy,MDMA Ecstasy,,Ecstasy  » MDMA
00770,250GR S-Isomere Ketamine - 95% pure sugar style A+++Indian,S-Isomere Ketamine,,Dissociatives  » Ketamine
00771,2FDCK Crystal powder,2FDCK Crystal powder,,Dissociatives  » Ketamine
00772,BEST KETAMINE/KET/KETAMIN PURE INDIAN S-ISOMER LONG SHARDS 28G ***FREE UK DELIVERY***,KETAMINE/KET/KETAMIN,,Dissociatives  » Ketamine
00773,250GRAM - TOP QUALITY Dutch MDMA Champagne Crystals 84%,Dutch MDMA Champagne Crystals,,Ecstasy  » MDMA
00774,KETAMINE-NEEDLES (s-isomer),KETAMINE-NEEDLES,,Dissociatives  » Ketamine
00775,3g KETAMINE-NEEDLES,KETAMINE-NEEDLES,,Dissociatives  » Ketamine
00776,MDMA 3.5g uk to uk,MDMA,,Ecstasy  » MDMA
00777,50GRAM - TOP QUALITY Dutch MDMA Champagne Crystals 84%,Dutch MDMA Champagne Crystals,,Ecstasy  » MDMA
00778,BEST QUALITY  MDMA CHAMPAGNE 92% / AAA+,MDMA CHAMPAGNE,,Ecstasy  » MDMA
00779,High quality MDPV,MDPV,,Ecstasy  » MDMA
00780,MDMA 3.5g,MDMA,,Ecstasy  » MDMA
00781,white MDMA Champagne Rocks Original 84%,white MDMA Champagne Rocks,,Ecstasy  » MDMA
00782,25GRAM - TOP QUALITY Dutch MDMA Champagne Crystals 84%,Dutch MDMA Champagne Crystals,,Ecstasy  » MDMA
00783,mdma 2g uk to uk,mdma,,Ecstasy  » MDMA
00784,BUY KETAMIN PURE INDIAN S-ISOMER LONG SHARDS 5G,KETAMIN PURE INDIAN S-ISOMER LONG SHARDS,,Dissociatives  » Ketamine
00785,1KILO - S-Isomere Ketamine - 95% pure sugar style A+++Indian,S-Isomere Ketamine,,Dissociatives  » Ketamine
00786,25G Pure KETAMINE .. Top QUALITY A+,KETAMINE,,Dissociatives  » Ketamine
00787,TAKE 4g KETAMINE NEEDLES and get FREE 1g Marocco Hashish UK-UK non-tracked,KETAMINE NEEDLES and get FREE 1g Marocco Hashish,,Dissociatives  » Ketamine
00788,100g Pure KETAMINE .. Top QUALITY A+,KETAMINE,,Dissociatives  » Ketamine
00789,500GR S-Isomere Ketamine - 95% pure sugar style A+++Indian,S-Isomere Ketamine,,Dissociatives  » Ketamine
00790,28-500g KETAMINE-NEEDLES (s-isomer) UK,KETAMINE-NEEDLES,,Dissociatives  » Ketamine
00791,Ketamine Sugar - High Qualitiy 10gram,Ketamine Sugar,,Dissociatives  » Ketamine
00792,HIGH QUALITY  KETAMINE  MEDICAL GRADE,KETAMINE,Ketalar,Dissociatives  » Ketamine
00793,100GR S-Isomere Ketamine - 95% pure sugar style A+++Indian,S-Isomere Ketamine,,Dissociatives  » Ketamine
00794,PROMO!! -S isomer - KETAMINE SHARDS/NEEDLES 95%,KETAMINE SHARDS/NEEDLES,,Dissociatives  » Ketamine
00795,5g Pure KETAMINE .. Top QUALITY A+,KETAMINE,,Dissociatives  » Ketamine
00796,10Grams Ketamine HCL Powder 99% Purity,Ketamine HCL,,Dissociatives  » Ketamine
00797,Ketamine HCL Powder 99% Purity,Ketamine HCL,Ketalar,Dissociatives  » Ketamine
00798,The best quality Ketamine hcl crystal powder in the market,Ketamine HCL,,Dissociatives  » Ketamine
00799,KETAMINE S-ISOMER SUGAR 99%,KETAMINE S-ISOMER SUGAR,,Dissociatives  » Ketamine
00800,MDMA CHAMPAGNE CRYSTAL 84%,MDMA CHAMPAGNE CRYSTAL,,Ecstasy  » MDMA
00801,HQ COLOMBIAN COCAINE FISHCALE 92%,COLOMBIAN COCAINE FISHCALE,,Stimulants  » Cocaine
00802,Bolivian Cocaine 92%,Bolivian Cocaine,,Stimulants  » Cocaine
00830,1GRAM COKE - PICTURES ARE COMMING! (WELCOME DEAL) - ★ Pure uncot TOP Quality cocaïne ★,COKE,,Stimulants  » Cocaine
00831,2GRAM COKE - PICTURES ARE COMMING! (WELCOME DEAL) - ★ Pure uncot TOP Quality cocaïne ★,COKE,,Stimulants  » Cocaine
00835,5GRAM COKE - PICTURES ARE COMMING! (WELCOME DEAL) - ★ Pure uncot TOP Quality cocaïne ★,COKE,,Stimulants  » Cocaine
00836,GHB 250ML WITH 99% PURITY free SHIPPING,GHB,,Dissociatives  » GHB/GBL
00837,1g RAW Cocaine Pure Colombian Cocaine 2023 Batch!!! 94%,Colombian Cocaine,,Stimulants  » Cocaine
00838,10GRAM COKE - PICTURES ARE COMMING! (WELCOME DEAL) - ★ Pure uncot TOP Quality cocaïne ★,COKE,,Stimulants  » Cocaine
00839,FLUBROMAZEPAM,FLUBROMAZEPAM,,Benzodiazepine (Benzos)  » RCs
00840,EC STACK 30MG/CAPSULE 100 CAPSULES MONSTERLAB,EC STACK,MONSTERLAB,Steroids
00841,"Testosterone Enanthate , Viogen Pharmaceutical GradeOil UK Seller",Testosterone Enanthate,Testosterone,Steroids
00855,Ice-O-Lator Hash,Ice-O-Lator Hash,,Cannabis  » Hash
00856,"1000pills (Methadone Hydrochloride Tablets, USP) 10 mg",Methadone Hydrochloride,,Opioids  » Methadone
00857,INTRO OFFER 5x Methadon 50mg Free Shipping!,Methadon,,Opioids  » Methadone
00858,Oxycodone  powder,Oxycodone,,Opioids  » Oxycodone
00859,500Grams HQ Oxycodone Hcl Powder 99% Pure,Oxycodone Hcl,,Opioids  » Oxycodone
00860,30mg Oxycodone M30 Pressed Profesonally! No Hot Spots!,Oxycodone M30,,Opioids  » Oxycodone
00861,Instant release Oxyxontin tablets  legit pharma,Instant release Oxyxontin,legit pharma,Opioids  » Oxycodone
00862,20x (Sample) Oxycodon M30 30MG,Oxycodon M30,,Opioids  » Oxycodone
00863,INTRO OFFER 5x Oxycodone 10mg(LR) Free Shipping!,Oxycodone,,Opioids  » Oxycodone
00864,blue oxy pills x80,blue oxy pills,,Opioids  » Oxycodone
00865,4MG V2090 XANAX BROM,V2090 XANAX BROM,Xanax,Benzodiazepine (Benzos)  » Pills
00866,Hydroguru - Xanax,Xanax,Xanax (HYDROGURU),Benzodiazepine (Benzos)  » Alprazolam (Xanax)
00867,Xanax 2mg (X2) Alprazolam *real alp*,Xanax 2mg (X2) Alprazolam *real alp*,Xanax,Benzodiazepine (Benzos)  » Alprazolam (Xanax)
00868,Xanax,Xanax,Xanax,Benzodiazepine (Benzos)  » Alprazolam (Xanax)
00869,Adderall AD30 Orange Smart Drug Nootropic - 30mg (10 tabs) - Escrow Listing,Adderall AD30 Orange Smart Drug Nootropic,Adderall,Stimulants  » Adderall
00870,x50 ADDERALL TRUSTED VENDOR! BEST PILLS ON THE MARKET $2.50ea,ADDERALL,Adderall,Stimulants  » Adderall
00871,x25 ADDERALL TRUSTED VENDOR! BEST PILLS ON THE MARKET $2.50ea,ADDERALL,Adderall,Stimulants  » Adderall
00872,Adderall AD30 Orange Smart Drug Nootropic - 30mg (5 tabs),Adderall AD30 Orange Smart Drug Nootropic,Adderall,Stimulants  » Adderall
00873,x90 ADDERALL TRUSTED VENDOR! BEST PILLS ON THE MARKET $2.50ea,ADDERALL,Adderall,Stimulants  » Adderall
00874,SALE SALE SALE!! B974 30mg Adderall x 100 ($3.9/pill),B974 Adderall,Adderall,Stimulants  » Adderall
00875,"ORANGE DEVILS - B974 30MG Adderall! DOUBLE DOSED, Read the Fucking Description.",B974 Adderall DOUBLE DOSED,Adderall,Stimulants  » Adderall
00887,ice bars speed ** really strong,ice bars speed,,Stimulants  » Amphetamine/Speed
00899,Mephedrone (4-MMC) IN STOCKS,Mephedrone (4-MMC),,Stimulants  » Mephedrone
00900,1g Pure Lab Tested MDMA -Molly- 98%,MDMA,,Ecstasy  » MDMA
00901,Hydroguru - Mephedrone 99.9% Clean (4MMC),Mephedrone,HYDROGURU,Stimulants  » Mephedrone
00902,4-MMC / Mephedrone,Mephedrone (4-MMC),,Stimulants  » Mephedrone
00903,LSD Hofmann ET tabs 200ug,LSD,Hofmann ET,Psychedelics  » LSD
00904,5x Real Love 250UG LSD,LSD,Real Love,Psychedelics  » LSD
00905,"5,000 LSD Tabs - 105mcg/Tab",LSD,,Psychedelics  » LSD
00906,Cannedgoods 125ug LSD tabs - Perfect for microdosing (25 Tabs) Escrow Listing,LSD,Cannedgoods,Psychedelics  » LSD
00907,LSD 220ug Needlepoint 11000 Reviews,LSD,Needlepoint,Psychedelics  » LSD
00908,x1 LSD Vial - 110 Drops - 105mcg/Drop,LSD,,Psychedelics  » LSD
00909,Son Goku DragonBallz - 240ug LSD  - Te🅰️m Bl🅰️cklist,LSD,SON GOKU,Psychedelics  » LSD
00910,x100 LSD Tabs - 105mcg/Tab,LSD,,Psychedelics  » LSD
00911,1 vial LSD WhiteFluff,LSD,WhiteFluff,Psychedelics  » LSD
00912,-SON GOKU LSD 200ug-,LSD,SON GOKU,Psychedelics  » LSD
00913,Red Geltabs,Red Geltabs,,Cannabis  » Edibles
00914,1x Blackout Bites Chocolate / super potent,Blackout Bites Chocolate,,Cannabis  » Edibles
00919,n 358 10 (Acetaminophen and Hydrocodone Bitartrate 325 mg / 10 mg),Methadone Hydrocodone Bitartrate,,Opioids  » Oxycodone
00920,10 mg pharma pressed percocets $3.5/pc,oxycodone/acetaminophen,percocet,Opioids  » Oxycodone
00921,*Pure Heroin Afghan* ShinyFlakesDE -,Pure Heroin Afghan,ShinyFlakesDE,Opioids  » Heroin
00922,x1g Tan Three Thousand Years of Longing batch - Ultra rare new.,Tan Three Thousand Years of Longing batch,,Opioids  » Heroin
00923,Oxycodone Oxylan 80MG Prolonged Worldwide offer,Oxycodone Oxylan,Oxylan,Opioids  » Oxycodone
00924,✅🌟NewYearsDeal🌟 4 G HEROIN,HEROIN,,Opioids  » Heroin
00925,"100 x Brand Oxycontin, OC 10mg - Crushable - US to US",Brand Oxycontin,OxyContin,Opioids  » Oxycodone
00926,Buy 1000 Pressed Oxycodone 30mg pills,Pressed Oxycodone,,Opioids  » Oxycodone
00927,"AUS-AUS Domestic | 1g Highly Potent ,Premium ,White High Grade Heroin",White High Grade Heroin,,Opioids  » Heroin
00928,Buy 100pills of Oxycodone 30mg,Oxycodone,,Opioids  » Oxycodone
00929,Heroin HQ / from 1g-10g /,Heroin,,Opioids  » Heroin
00930,FREE .1 sample #4 heroin (just pay for stealth),heroin,,Opioids  » Heroin
00931,✅🌟NewYearsDeal🌟 3 G HEROIN,HEROIN,,Opioids  » Heroin
00932,HEROIN FROM IRAN HQ,HEROIN,,Opioids  » Heroin
00933,3g PURE CHINA WHITE HEROIN / VERY POTENT,PURE CHINA WHITE HEROIN,,Opioids  » Heroin
00934,1 - 100 grams of Strong Heroin #3 70% - FREE SHIPPING !,Heroin,,Opioids  » Heroin
00935,Heroin 1 Gram,Heroin,,Opioids  » Heroin
00936,%100 Pure & Uncut Heroin AA+,Uncut Heroin,,Opioids  » Heroin
00937,💚✅ PharmaGrade GG249 Xanax White 3mg Alp Bars| 50% FE Discount🎊 ✅💚,GG249 Xanax,Xanax,Benzodiazepine (Benzos)  » Alprazolam (Xanax)
00939,14g RAW Cocaine Pure Colombian Cocaine 2023 Batch!!! 94%,Colombian Cocaine,,Stimulants  » Cocaine
00940,28g RAW Cocaine Pure Colombian Cocaine 2023 Batch!!! 94%,Colombian Cocaine,,Stimulants  » Cocaine
00958,Famous West Coast #4 KILLER HEROIN,Famous West Coast KILLER HEROIN,,Opioids  » Heroin
00965,Ostarine (Mk-2866) 100 ml 20mg monsterlab,Ostarine,MONSTERLAB,Steroids
00966,Hydroguru- Bromazolam Powder - (Purity 98.8%),Bromazolam Powder,HYDROGURU,Benzodiazepine (Benzos)  » Powder
00967,Pure Etizolam Powder - Benzodiazepine Multiple Quantites US to US (100 mg - 5g) packs,Etizolam Powder,"Brand names include Etilaam, Etizola, Etizest, Sedekopan, Arophalm, Depas and
Pasaden",Benzodiazepine (Benzos)  » Powder
01003,❤️ XTC PILLS TESLA HIGHEST QUALITY 250 MG II❤️,XTC PILLS,TESLA,Ecstasy  » XTC Pills
01005,Hydroguru  10 x ***300MG Dutch Ecstacy Pills***XTC PILLS.,Dutch Ecstacy,HYDROGURU,Ecstasy  » XTC Pills
01006,25 - 500 300mg XTC MB SKULL CANDY UNITED KINGDOM NDD,XTC MB SKULL CANDY,MB SKULL CANDY,Ecstasy  » XTC Pills
01007,5pills 230 MG ECSTACY LOUIS VUITTON,ECSTACY,LOUIS VUITTON,Ecstasy  » XTC Pills
01008,Ecstacy Pills Purple Domino 230mg,Ecstacy,Purple Domino,Ecstasy  » XTC Pills
01009,10x XTC PILL 300mg AAA+++ DUTCH IMPORT,XTC PILLS,,Ecstasy  » XTC Pills
01010,- 6IX9INE XTC PILLS 320mg *ORANGE FLAVOR*,XTC PILLS,,Ecstasy  » XTC Pills
01011,ECSTACY PILLS  X5 230 MG louis vuitton,ECSTACY,LOUIS VUITTON,Ecstasy  » XTC Pills
01012,Heisenbergs 300mg XTC (1 pill),Heisenbergs XTC,,Ecstasy  » XTC Pills
01013,90pills Ecstasy (MDMA) 100 mg,MDMA,,Ecstasy  » XTC Pills
01014,100 X ECSTASY 250MG PILLS,Ecstasy,,Ecstasy  » XTC Pills
01015,"XTC, Ecastacy 240mg mdma -","XTC, Ecastacy",,Ecstasy  » XTC Pills
01016,-PANAMA XTC PILLS 300mg-,PANAMA XTC PILLS,,Ecstasy  » XTC Pills
01017,Maserati 300mg XTC - Cola Flavour -Te🅰️m Bl🅰️cklist,Maserati XTC,Maserati,Ecstasy  » XTC Pills
01018,Masserati 300mg XTC - Cola Flavour -Te🅰️m Bl🅰️cklist,Maserati XTC,Maserati,Ecstasy  » XTC Pills
01019,-MASSERATI PILLS 300mg *CHERRY FLAVOR*-,MASSERATI PILLS,Maserati,Ecstasy  » XTC Pills
01020,❤️ XTC PILLS TESLA HIGHEST QUALITY 250 MG ❤️,XTC PILLS TESLA,TESLA,Ecstasy  » XTC Pills
01021,60pills Ecstasy (MDMA) 100 mg,Ecstasy (MDMA),,Ecstasy  » XTC Pills
01022,100 to 1000 300mg XTC FANTA PILLS UNITED KINGDOM Next Day Delivery,XTC FANTA PILLS,FANTA,Ecstasy  » XTC Pills
01023,XTC pills - Silver New York 200mg MDMA,XTC pills - Silver New York,,Ecstasy  » XTC Pills
01025,270MG STRONG!!!! | Orange Tesla,Orange Tesla MDMA,Orange Tesla,Ecstasy  » XTC Pills
01026,Oxycodone 5MG Shortec Blistered Packaging,Oxycodone Shortec,OxyContin,Opioids  » Oxycodone
01027,X50 PERCOCETS,PERCOCETS,Percocet,Opioids  » Oxycodone
01028,20 x 30mg OXYCODONE ....USA - USA,OXYCODONE,"Brand M30, V4812, A215",Opioids  » Oxycodone
01029,Cialis Tadalafil VIDALISTA  10mg x 50/100/200/500 tablets,Cialis Tadalafil VIDALISTA,Cialis/VIDALISTA,Prescription Drugs
01030,Azithromycin 500mg x 30/90/180/360 Tablets,Azithromycin,,Prescription Drugs
01031,Eu to UK/US Dapoxetine poxet 90mg 100-200  tabs,Dapoxetine,Dapoxetine,Prescription Drugs
01032,Generic Viagra Sildenafil kamagra oral jelly 100mg x 50 Sachet,Generic Viagra Sildenafil kamagra oral jelly,kamagra,Prescription Drugs
01033,Generic Avodart Dutasteride DUTAS T+ 0.5mg x 30/90/180/360 Tablets,Generic Avodart Dutasteride DUTAS T+,DUTAS T+,Prescription Drugs
01034,Pfizer Viagra 100mg (Original),Pfizer Viagra,PFIZER,Prescription Drugs
01035,Eu- Carisoprodol Pain O Soma 500mg 50-200 tabs,Carisoprodol Pain O Soma,Soma,Prescription Drugs
01036,*Exclusive Sale *180 tabs zopiclone 7.5 mg 200 EUR (Europe to Europe Shipping),zopiclone,,Prescription Drugs
01037,Vidalista 60mg (Tadalafil),Vidalista,Vidalista,Prescription Drugs
01038,Vidalista 40mg (Tadalafil),Vidalista,Vidalista,Prescription Drugs
01039,Vidalista 80mg (Black Pills) DE to DE (Shipping to EU) (Tadalafil),Vidalista (Black Pills),Vidalista,Prescription Drugs
01040,Generic Viagra Sildenafil 50mg Cenforce x 50/100/200/500 tablets,Generic Viagra Sildenafil Cenforce,Cenforce,Prescription Drugs
01041,Cenforce 200mg (Sildenafil Citrate) DE to DE / EU to EU,Cenforce,Cenforce,Prescription Drugs
01042,DE to DE 50 pills x BRAND Kamagra 100mg Sildenafil - Express Local Shipping,Kamagra,Kamagra,Prescription Drugs
01043,Tramadol 100mg Blistered Packaging (30 pills),Tramadol,Ultram,Prescription Drugs
01055,xanax 4mg V2090 (Brom) min 10 bars,xanax,Xanax,Benzodiazepine (Benzos)  » Alprazolam (Xanax)
01056,xanax pfizer 0.5 mg (10 pills = 1 blisters ),xanax,Xanax (PFIZER),Benzodiazepine (Benzos)  » Alprazolam (Xanax)
01057,s903 xanax,s903 xanax,Xanax,Benzodiazepine (Benzos)  » Alprazolam (Xanax)
01058,x500 XANAX YELLOW BUSS (R039) 3MG PRESS USA-USA,x500 XANAX YELLOW BUSS,Xanax (YELLOW BUSS),Benzodiazepine (Benzos)  » Alprazolam (Xanax)
01059,12tabs of Bunny Bugs LSD 250ug FREE NDD - UK,Bunny Bugs LSD,Bunny Bugs,Benzodiazepine (Benzos)  » Pills
01060,12x Blue Pokemon XTC 250mg IMPORT - UK,Blue Pokemon XTC,Blue Pokemon,Benzodiazepine (Benzos)  » Pills
01061,20x SUPERMAN XTC PILLS 300mg FREE NDD - UK,SUPERMAN XTC PILLS,SUPERMAN,Benzodiazepine (Benzos)  » Pills
01062,75tabs of Mickey Mouse LSD 250ug FREE NDD - UK,Mickey Mouse LSD,Mickey Mouse,Benzodiazepine (Benzos)  » Pills
01063,Green Hulks S903 - 3.2mg Clonazolam (20 Bars) - Escrow Listing,Green Hulks S903 Clonazolam,Green Hulks,Benzodiazepine (Benzos)  » Pills
01064,20x Blue PUNISHER XTC 300mg FREE NDD - UK,Blue PUNISHER XTC,Blue PUNISHER,Benzodiazepine (Benzos)  » Pills
01065,Xanax X2 Whites - 3.2mg Alprazolam (250 Bars) - Escrow Listing,Xanax,Xanax,Benzodiazepine (Benzos)  » Pills
01066,Xanax X2 Whites - 3.2mg Alprazolam (20 Bars),Xanax,Xanax,Benzodiazepine (Benzos)  » Pills
01067,Xanax,Xanax,Xanax,Benzodiazepine (Benzos)  » Pills
01068,2tabs of CRYING BUG LSD 250UG NDD - UK TO UK.,CRYING BUG LSD,CRYING BUG,Benzodiazepine (Benzos)  » Pills
01069,4x PREMIUM XTC 200mg IMPORT - UK,PREMIUM XTC,,Benzodiazepine (Benzos)  » Pills
01070,Green Hulks S903 - 3.2mg Clonazolam (50 Bars),Green Hulks S903 Clonazolam,Green Hulks S903,Benzodiazepine (Benzos)  » Pills
01071,Xanax bars Blue B707 - 3.2mg Flualprazolam (100 Bars) - Escrow Listing,Xanax bars Blue B707,Xanax,Benzodiazepine (Benzos)  » Pills
01072,500 pills Mogadon (nitrazepam) 10mg,Mogadon (nitrazepam),Mogadon,Benzodiazepine (Benzos)  » Pills
01073,AMBIEN / SUN PHARMA / ZOLPIDEM 10MG (30 Pills) SHIPPING US To US Only,ZOLPIDEM,AMBIEN(SUN PHARMA Company),Benzodiazepine (Benzos)  » Pills
01074,"Lorazepam 2,5mg (GER)1blister=1piece  ATIVAN",Lorazepam,ATIVAN,Benzodiazepine (Benzos)  » Lorazepam
01075,Eutylone Stimulant 1kg,Eutylone,,Other
01077,150g Of Raw Colombian Cocaine Uncut AA++ FREE NDD - UK,Raw Colombian Cocaine,,Stimulants  » Cocaine
01078,40g Of Raw Colombian Cocaine Uncut AA++ FREE NDD - UK,Raw Colombian Cocaine,,Stimulants  » Cocaine
01079,14g Of Raw Colombian Cocaine Uncut AA++ FREE NDD - UK,Raw Colombian Cocaine,,Stimulants  » Cocaine
01080,1.5g - SOCIAL COCAINE - FREE DELIVERY NDD UK,SOCIAL COCAINE,,Stimulants  » Cocaine
01081,2g COCAINE PERU HIGH PURITY 98% POPEYE GERMANY,COCAINE PERU,,Stimulants  » Cocaine
01082,✅ 10 G COLOMBIAN COCAINE,COLOMBIAN COCAINE,,Stimulants  » Cocaine
01083,1g - 1000g Cocaine ***PURE FISHCALE COLOMBIAN COKE 96% ***  Free ShipXXX,FISHCALE COLOMBIAN COKE,,Stimulants  » Cocaine
01084,6.5g Of Pure Peru Cocaine - Top Import - NDD - UK,Pure Peru Cocaine,,Stimulants  » Cocaine
01085,10g Of El-Chapo's Raw Colombian Cocaine Uncut FREE NDDuk,El-Chapo's Raw Colombian Cocaine,El Chapo,Stimulants  » Cocaine
01086,COLOMBIAN COCONUT COCAINE UNTOUCHED,COLOMBIAN Cocaine,,Stimulants  » Cocaine
01087,Pablo's PURE Cocaine (Peruvian Import) AAA+ UK,Pablo's PURE Cocaine,Pablo,Stimulants  » Cocaine
01088,GENUINE FISH SCALE COCAINE UNTOUCHED,FISH SCALE COCAINE,,Stimulants  » Cocaine
01089,10g - EL-CHAPO'S SOCIAL COCAINE - FREE DELIVERY,SOCIAL COCAINE,EL CHAPO,Stimulants  » Cocaine
01090,8g Of Pure Albanian Cocaine AAA++ FREE NDD - UK,Albanian Cocaine,,Stimulants  » Cocaine
01091,Gelato Cannabis,Gelato Cannabis,,Cannabis  » Buds and Flowers
01092,Fish Scale Top Quality Cocaine,Fish Scale Cocaine,,Stimulants  » Cocaine
01093,Royal Kush THC =22%,Royal Kush,,Cannabis  » Buds and Flowers
01094,🚨  L.A. Confidential -Dry Sift Hash 🚨 ~44% THC,Malana L.A. Confidential -Dry Sift Hash,,Cannabis  » Hash
01095,🌟LIMITED OFFER 40% Malana Cream Premium AAA+🌟,Malana Cream,,Cannabis  » Hash
01096,10g Shark Hash = 50$,Shark Hash,,Cannabis  » Hash
01097,12.5g Shark Hash = 60$,Shark Hash,,Cannabis  » Hash
01098,5g LA Confident,LA Confident,,Cannabis  » Hash
01099,DRYVE HASH TOP TOP TOP,DRYVE HASH,,Cannabis  » Hash
01101,Dextroamphetamine Sulphate Capsules - (10mg/cap),Dextroamphetamine Sulphate Capsules,,Prescription Drugs
01102,US to US Tapentadol And Carisoprodol Royal 225 x 180 Tablets,Tapentadol And Carisoprodol Royal,,Prescription Drugs
01103,90 x 10mg Valium ( Diazepam ) Pharmacy ....USA - USA,Valium ( Diazepam ),Valium,Benzodiazepine (Benzos)  » Diazepam (Valium)
01104,promo speed paste *almost free*,promo speed paste,,Stimulants  » Amphetamine/Speed
01105,60pills Diazepam 10mg by Teva / Actavis,Diazepam,Teva / Actavis,Benzodiazepine (Benzos)  » Diazepam (Valium)
01106,Valium 10mg Diazepam 10mg x 56 pills,Valium ( Diazepam ),Valium,Benzodiazepine (Benzos)  » Diazepam (Valium)
01107,Martin Dow 10mg Roche valium 30tabs,Martin Dow Roche valium,ROCHE,Benzodiazepine (Benzos)  » Diazepam (Valium)
01108,HQ 50Gs DICLAZEPAM POWDER,DICLAZEPAM POWDER,,Benzodiazepine (Benzos)  » Diazepam (Valium)
01109,Bensedin Valium (Diazepam) 10mg Galenika - Cheapest,Bensedin,Valium,Benzodiazepine (Benzos)  » Diazepam (Valium)
01110,Valium 10mg Diazepam 10mg x 28 Pills Pharmaceutical Grade Limited Time Offer,Valium,Valium,Benzodiazepine (Benzos)  » Diazepam (Valium)
01111,APAURIN 10mg (GER) Krka (1piece=10 pills) DIAZEPAM VALIUM,APAURIN,,Benzodiazepine (Benzos)  » Diazepam (Valium)
01112,TEMAZEPAM 20mg TEVA - 14 PILLS X 1 SLEEVE UNITED KINGDOM NDD,TEMAZEPAM,Teva,Benzodiazepine (Benzos)  » Diazepam (Valium)
01114,480pills Diazepam 10mg by Teva / Actavis,Diazepam,Teva / Actavis,Benzodiazepine (Benzos)  » Diazepam (Valium)
01141,125-1000g KETAMINE s-isomer SUGAR  UK-WW tracked DECOY STEALTH,KETAMINE s-isomer SUGAR,,Dissociatives  » Ketamine
01142,ketamine rocks high pure (2g-225g) (us-us),ketamine rocks,,Dissociatives  » Ketamine
01143,125g KETAMINE s-isomer NEEDLES UK-WW tracked DECOY STEALTH,KETAMINE s-isomer NEEDLES,,Dissociatives  » Ketamine
01144,SALE Ketamine S-isomer Needles 100% pure,Ketamine S-isomer Needles,,Dissociatives  » Ketamine
01145,28-56g  KETAMINE-NEEDLES (s-isomer) UK-WW tracked,KETAMINE-NEEDLES,,Dissociatives  » Ketamine
01146,HQ 50Grams Ketamine HCL Powder 99% Purity,Ketamine HCL Powder,,Dissociatives  » Ketamine
01147,1-20g  KETAMINE-NEEDLES (s-isomer) UK-UK non-tracked,KETAMINE-NEEDLES,,Dissociatives  » Ketamine
01148,SUGAR Ketamine - S+Isomer Medical Grade K - HQ,SUGAR Ketamine,,Dissociatives  » Ketamine
01149,ketamine s-isomer high quality- hollandgottalent-,ketamine s-isomer,,Dissociatives  » Ketamine
01150,+++ 99% Pure Original Rocks R-KET (KETAMINE) - LOWEST PRICE POSSIBLE!! -,R-KET (KETAMINE),,Dissociatives  » Ketamine
01151,Hydroguru - ✝️ 1 Gram,Hydroguru,,Dissociatives  » Ketamine
01152,125-1000g KETAMINE s-isomer SUGAR  UK-UK tracked,KETAMINE s-is SUGAR,,Dissociatives  » Ketamine
01153,3-CMC / Chloromethcathinone -Te🅰️m Bl🅰️cklist,Chloromethcathinone,,Dissociatives  » Ketamine
01154,28-56g KETAMINE s-isomer SUGAR  UK-UK(WW) tracked,KETAMINE s-isomer SUGAR,,Dissociatives  » Ketamine
01155,-S isomer - PURE KETAMINE SHARDS/NEEDLES 95% - 10g for 125 EUR) - Lowest price possible!,KETAMINE SHARDS/NEEDLES,,Dissociatives  » Ketamine
01156,ketamine s-isomer sugar (2g-225g) (us-us),ketamine s-isomer sugar,,Dissociatives  » Ketamine
01157,5 g Ketamine S-Isomer 95% Pure free shippx,ketamine s-isomer sugar,,Dissociatives  » Ketamine
01158,SALE Brown Ketamine S-isomer shards 100% pure,Brown Ketamine S-isomer shards,,Dissociatives  » Ketamine
01159,93% |PURE/UNCUT| Original Sugar |S-KET| (KETAMINE),Original Sugar |S-KET|,,Dissociatives  » Ketamine
01160,1-20g KETAMINE s-isomer SUGAR  UK-UK(WW) non-tracked,KETAMINE s-isomer SUGAR,,Dissociatives  » Ketamine
01161,Ketamine S+ Isomer (SUGAR),Ketamine S+ Isomer (SUGAR),,Dissociatives  » Ketamine
01162,2 g Ketamine S-Isomer 95% Pure FREE SHIPPING,Ketamine S-Isomer,,Dissociatives  » Ketamine
01163,Ketamine S+ Isomer 11000 Reviews,Ketamine S+ Isomer,,Dissociatives  » Ketamine
01164,KETAMINE/KET/KETAMIN PURE INDIAN S-ISOMER LONG SHARDS 3.5G ***FREE UK DELIVERY***,INDIAN S-ISOMER LONG SHARDS KETAMINE/KET/KETAMIN,,Dissociatives  » Ketamine
01166,Ketamine Sugar - High Qualitiy,Ketamine Sugar,,Dissociatives  » Ketamine
01167,NEW PRICE !! High Quality Haze,Haze,,Cannabis  » Buds and Flowers
01168,Weed dust shake trim mix,Weed dust shake trim mix,,Cannabis  » Shake
01169,250G AAA+++ FORBIDDEN COOKIES H.Q IMPORT - NDD UK,FORBIDDEN COOKIES,,Cannabis  » Buds and Flowers
01170,7g  Amnesia Haze Outdoor Grown From Spain  £42,Amnesia Haze Outdoor Grown,,Cannabis  » Buds and Flowers
01171,14G Of AAA+++ Strawberry Mimosa H.Q IMPORT - NDD UK,Strawberry Mimosa,,Cannabis  » Buds and Flowers
01172,3.5G Of Pearl Scout Cookies AAA+ TOP IMPORT - FREE NDD UK,Pearl Scout Cookies,,Cannabis  » Buds and Flowers
01173,125g Of Pearl Scout Cookies *FREE SHIPPING* - NDDuk!,Pearl Scout Cookies,,Cannabis  » Buds and Flowers
01174,3g WHITE WIDOW A+++ PREMIUM CANNABIS,WHITE WIDOW CANNABIS,,Cannabis  » Buds and Flowers
01175,28G AAA+++ OG COOKIES TOP IMPORT H.Q NDD UK,OG COOKIES,,Cannabis  » Buds and Flowers
01176,2g Strawberry Cough A+++ GRADE PREMIUM CANNABIS *FREE NDDuk,Strawberry Cough CANNABIS,,Cannabis  » Buds and Flowers
01177,3G  AAA+++ ORANGE DREAM TOP PREMIUM IMPORT - NDD UK,ORANGE DREAM,,Cannabis  » Buds and Flowers
01178,14G AAA+++ OG COOKIES TOP IMPORT H.Q NDD UK,OG COOKIES,,Cannabis  » Buds and Flowers
01179,56g Gelonade CALI IMPORT,Gelonade,,Cannabis  » Buds and Flowers
01180,56G  AAA+++ BISCOTTI *L.A CALI IMPORT* - UK NDD,BISCOTTI Cannalope Haze,,Cannabis  » Buds and Flowers
01181,500g of Cannalope Haze  AA++ FREE DELIVERY NDD UK,Cannalope Haze,,Cannabis  » Buds and Flowers
01182,56g Of Mimosa Cannabis Dust - AUSTRALIAN IMPORT FREE NDD,Mimosa Cannabis Dust,,Cannabis  » Buds and Flowers
01183,125g of Grand Daddy Purple - NDD UK,Grand Daddy Purple,,Cannabis  » Buds and Flowers
01184,2g BLUE COOKIES HIGH QUALITY *FREE NDD,BLUE COOKIES,,Cannabis  » Buds and Flowers
01185,10g of AMNESIA HAZE CANNABIS..FREE DELIVERY,AMNESIA HAZE CANNABIS,,Cannabis  » Buds and Flowers
01186,125g Mazar x Blueberry OG #High Quality Cali Import AAA+++,Mazar x Blueberry OG,,Cannabis  » Buds and Flowers
01187,ROYAL RUNTZ Cali Strain Homegrown WEED CANNABIS,ROYAL RUNTZ Cali Strain Homegrown WEED CANNABIS,,Cannabis  » Buds and Flowers
01188,Gorilla Glue,Gorilla Glue,,Cannabis  » Buds and Flowers
01189,1g Amnesia Haze TOP QUALITY *FREE NDD,Amnesia Haze,,Cannabis  » Buds and Flowers
01190,3.5g Amnesia Haze TOP QUALITY *FREE NDD,Amnesia Haze,,Cannabis  » Buds and Flowers
01191,125G  AAA+++ ORANGE DREAM TOP PREMIUM IMPORT - NDD UK,ORANGE DREAM,,Cannabis  » Buds and Flowers
01192,Rhinestone OG 56g,Rhinestone OG,,Cannabis  » Buds and Flowers
01193,Authentic Durban Poison,Durban Poison,,Cannabis  » Buds and Flowers
01194,🫐 Blueberry Muffin OG - Cali Import - LIMITED STOCK 🫐,Blueberry Muffin OG,,Cannabis  » Buds and Flowers
01195,28G SUPER SILVER HAZE IMPORT H.Q NDD UK,SUPER SILVER HAZE,,Cannabis  » Buds and Flowers
01196,63G AA++ Strawberry Cough TOP QUALITY - NDD UK,Strawberry Cough,,Cannabis  » Buds and Flowers
01197,1000g Of Mimosa Cannabis Dust - AUSTRALIAN IMPORT FREE NDD,Mimosa Cannabis Dust,,Cannabis  » Buds and Flowers
01198,2g of GORILLA GLUE IMPORT  - FREE NDD UK,GORILLA GLUE,,Cannabis  » Buds and Flowers
01199,3g Sour Diesel HIGH QUALITY *FREE NDD,Sour Diesel,,Cannabis  » Buds and Flowers
01200,Luke Skywalker 2.0 - Cali Import - LIMITED STOCK,Luke Skywalker 2.0,,Cannabis  » Buds and Flowers
01201,1g of SUPER SILVER HAZE TOP IMPORT HIGH QUALITY - NDD UK,SUPER SILVER HAZE,,Cannabis  » Buds and Flowers
01202,2g Bubblegum Kush SPECIAL OFFER NDD UK -,Bubblegum Kush,,Cannabis  » Buds and Flowers
01203,7G AAA+++ FORBIDDEN COOKIES H.Q IMPORT - NDD UK,FORBIDDEN COOKIES,,Cannabis  » Buds and Flowers
01204,28G AAA+++ Cannalope Haze TOP IMPORT - NDD UK,Cannalope Haze,,Cannabis  » Buds and Flowers
01205,🌟 MC OG - Cali Import LIMITED STOCK 🌟,MC OG,,Cannabis  » Buds and Flowers
01206,14g  Amnesia Haze Outdoor Grown From Spain  £81.2,Amnesia Haze Outdoor Grown,,Cannabis  » Buds and Flowers
01207,GORILLA GLUE,GORILLA GLUE,,Cannabis  » Buds and Flowers
01208,10G OF CHERRY PIE CANNABIS- FREE DELIVERY UK,CHERRY PIE CANNABIS,,Cannabis  » Buds and Flowers
01209,2g of AMNESIA HAZE CANNABIS..FREE DELIVERY,AMNESIA HAZE CANNABIS,,Cannabis  » Buds and Flowers
01210,10GR - WEED RESTE,WEED RESTE,,Cannabis  » Buds and Flowers
01211,56G Of Cannalope Haze AAA+ TOP IMPORT - NDD UK,Cannalope Haze,,Cannabis  » Buds and Flowers
01212,20GR - WONDER PIE - INDOOR - AAA -,WONDER PIE - INDOOR,,Cannabis  » Buds and Flowers
01213,1000g of GHOST TRAIN HAZE- HIGH QUALITY - NDD UK,GHOST TRAIN HAZE,,Cannabis  » Buds and Flowers
01214,OG Kush Premium weed !!,OG Kush,,Cannabis  » Buds and Flowers
01215,SUPER SILVER HAZE,SUPER SILVER HAZE,,Cannabis  » Buds and Flowers
01216,3.5G  AAA+++ BISCOTTI *L.A CALI IMPORT* - UK NDD,BISCOTTI,,Cannabis  » Buds and Flowers
01217,125g Of Mimosa Cannabis Dust - AUSTRALIAN IMPORT FREE NDD,Mimosa Cannabis Dust,,Cannabis  » Buds and Flowers
01218,3.5g Of Mimosa  A++ AUSTRALIAN IMPORT - FREE NDDuk,Mimosa,,Cannabis  » Buds and Flowers
01219,*Indoor* Animal Mints 224g(8oz),Animal Mints,,Cannabis  » Buds and Flowers
01220,3.5g SOUR DIESEL A+++ PREMIUM CANNABIS,SOUR DIESEL,,Cannabis  » Buds and Flowers
01221,3.5g Bubblegum Kush SPECIAL OFFER NDD UK -,Bubblegum Kush,,Cannabis  » Buds and Flowers
01222,3g Of PURPLE HAZE - FREE DELIVERY NDDuk!,PURPLE HAZE,,Cannabis  » Buds and Flowers
01223,*UPGRADED* Mix Shake 2lb(896g),Mix Shake,,Cannabis  » Buds and Flowers
01224,1G OF CHERRY PIE CANNABIS- FREE DELIVERY UK,CHERRY PIE CANNABIS,,Cannabis  » Buds and Flowers
01225,14G GARY PEYTON CALI IMPORT 3.5g to 56g UNITED KINGDOM,GARY PEYTON,,Cannabis  » Buds and Flowers
01226,GARY PEYTON CALI IMPORT 3.5g to 56g UNITED KINGDOM  NDD,GARY PEYTON,,Cannabis  » Buds and Flowers
01227,7g SUPER LEMON HAZE  £62.3,SUPER LEMON HAZE,,Cannabis  » Buds and Flowers
01228,3.5g Sour Diesel #High Quality AAA+++,Sour Diesel,,Cannabis  » Buds and Flowers
01229,56g Strawberry Cough #High Quality AAA+++,Strawberry Cough,,Cannabis  » Buds and Flowers
01230,1g G13 Haze HQ *FREE NDD,G13 Haze,,Cannabis  » Buds and Flowers
01231,1 LB OF LIGHTDEP GELATO,LIGHTDEP GELATO,,Cannabis  » Buds and Flowers
01232,Lemon Kush 224g(8oz) *Greenhouse*,Lemon Kush,,Cannabis  » Buds and Flowers
01233,Super Lemon Haze A+++,Super Lemon Haze,,Cannabis  » Buds and Flowers
01234,*Indoor* Crystal Coma 448g(16oz),Crystal Coma,,Cannabis  » Buds and Flowers
01235,63G SUPER SILVER HAZE IMPORT H.Q NDD UK,SUPER SILVER HAZE,,Cannabis  » Buds and Flowers
01236,28g White Widow HIGH QUALITY *FREE NDD,White Widow,,Cannabis  » Buds and Flowers
01237,*Indoor* Runtz 224g(8oz),Runtz,,Cannabis  » Buds and Flowers
01238,🌟Pink Runtz Premium AAA+🌟,Pink Runtz,,Cannabis  » Buds and Flowers
01239,3.5g of Cannalope Haze  AA++ FREE DELIVERY NDD UK,Cannalope Haze,,Cannabis  » Buds and Flowers
01240,56g Alien Cookies Strain £560,Alien Cookies Strain,,Cannabis  » Buds and Flowers
01241,125G OF CHERRY PIE TOP QUALITY - FREE NDD UK,CHERRY PIE,,Cannabis  » Buds and Flowers
01242,10g of Cannalope Haze  AA++ FREE DELIVERY NDD UK,Cannalope Haze,,Cannabis  » Buds and Flowers
01243,20g BLUE DREAM HQ *FREE NDD,BLUE DREAM,,Cannabis  » Buds and Flowers
01244,*UPGRADED* Mix Shake 448g(16oz/1LB),Mix Shake *UPGRADED*,,Cannabis  » Buds and Flowers
01245,15G PURPLE HAZE ++,PURPLE HAZE,,Cannabis  » Buds and Flowers
01246,RED GORILLA GIRL XL,RED GORILLA GIRL XL,,Cannabis  » Buds and Flowers
01247,63g Of Cookies And Cream,Cookies And Cream,,Cannabis  » Buds and Flowers
01248,LEMON TREE Cali Strain Homegrown WEED CANNABIS,LEMON TREE Cali Strain Homegrown WEED CANNABIS,,Cannabis  » Buds and Flowers
01249,28g Purple Haze £277,Purple Haze,,Cannabis  » Buds and Flowers
01250,28g Jack 47 (Jack Herer X AK-47 strains)  £156.8,Jack Herer X AK-47 strains,,Cannabis  » Buds and Flowers
01251,28g Sour Diesel #High Quality AAA+++,Sour Diesel,,Cannabis  » Buds and Flowers
01252,20G  AAA+++ BISCOTTI *L.A CALI IMPORT* - UK NDD,BISCOTTI,,Cannabis  » Buds and Flowers
01253,14g Afghan Kush £81.2,Afghan Kush,,Cannabis  » Buds and Flowers
01254,28G OG Kush Strain  28g POTENT GRADE free shipXXX,OG Kush Strain,,Cannabis  » Buds and Flowers
01328,SALE!! 30mg Adderall x 50 UK -> UK-FR-ES-PL,Adderall,Adderall,Stimulants  » Adderall
01329,2K 30mg Adderall,Adderall,Adderall,Stimulants  » Adderall
01330,P2NP -phenyl-2-nitropropene- 100g - Lab purity 99.7%,Phenyl-2-nitropropene (P2NP),,Stimulants  » Adderall
01331,- 100x PHARMACY GRADE* B974 Adderall 30MG (FREE SHIPPING),B974 Adderall,Adderall,Stimulants  » Adderall
01332,100x Adderall B974 30mg Free Shipping plus 10% extra,Adderall B974,Adderall,Stimulants  » Adderall
01333,Adderall 30mg pharmacy source USA CVSWalmartWalgreensRiteAid,Adderall,Adderall,Stimulants  » Adderall