"Vendor_Name","Drug_Type_L","Freq"
"1hero","Benzodiazepine (Benzos)",0
"4free","Benzodiazepine (Benzos)",2
"alfa","Benzodiazepine (Benzos)",0
"AmphetamineCowboys","Benzodiazepine (Benzos)",0
"AmsterdamExpress","Benzodiazepine (Benzos)",1
"andy24","Benzodiazepine (Benzos)",0
"AskFrankUKXXX","Benzodiazepine (Benzos)",0
"avbeaau","Benzodiazepine (Benzos)",0
"backatit28","Benzodiazepine (Benzos)",0
"bcpremo","Benzodiazepine (Benzos)",0
"benzoworld","Benzodiazepine (Benzos)",5
"Blacklist","Benzodiazepine (Benzos)",0
"bluemagic","Benzodiazepine (Benzos)",0
"BMPLC","Benzodiazepine (Benzos)",0
"BritishPablo","Benzodiazepine (Benzos)",0
"BSPLLC","Benzodiazepine (Benzos)",0
"Bulkexpress","Benzodiazepine (Benzos)",0
"CafeNero","Benzodiazepine (Benzos)",1
"cannedgoods","Benzodiazepine (Benzos)",6
"CENAGANG94","Benzodiazepine (Benzos)",0
"cocainecartel","Benzodiazepine (Benzos)",0
"coffeshop","Benzodiazepine (Benzos)",0
"commissionerau","Benzodiazepine (Benzos)",0
"CovidSurvivor2020","Benzodiazepine (Benzos)",2
"Ctrel","Benzodiazepine (Benzos)",0
"DarkAngus","Benzodiazepine (Benzos)",0
"Darklight","Benzodiazepine (Benzos)",0
"darkweeder","Benzodiazepine (Benzos)",0
"DigitalSin","Benzodiazepine (Benzos)",0
"discover","Benzodiazepine (Benzos)",2
"dobdom4eu","Benzodiazepine (Benzos)",0
"DoctorPotenz","Benzodiazepine (Benzos)",0
"DopeSeller","Benzodiazepine (Benzos)",0
"dreamjar","Benzodiazepine (Benzos)",0
"DreamSeven","Benzodiazepine (Benzos)",0
"drkend","Benzodiazepine (Benzos)",0
"DrogenOma","Benzodiazepine (Benzos)",0
"DrRelax","Benzodiazepine (Benzos)",0
"DruggieBears","Benzodiazepine (Benzos)",0
"DRUGSDIRECT","Benzodiazepine (Benzos)",0
"drugstar","Benzodiazepine (Benzos)",0
"Dutchchampion","Benzodiazepine (Benzos)",0
"dutchpharmacy","Benzodiazepine (Benzos)",0
"El-Chapo","Benzodiazepine (Benzos)",0
"EU-League","Benzodiazepine (Benzos)",0
"ezinpharma","Benzodiazepine (Benzos)",1
"fastfrance","Benzodiazepine (Benzos)",0
"fatherless","Benzodiazepine (Benzos)",0
"Firefly","Benzodiazepine (Benzos)",0
"FrankMatthews","Benzodiazepine (Benzos)",0
"frosties2014","Benzodiazepine (Benzos)",0
"FungiRx","Benzodiazepine (Benzos)",0
"GermanDrugScout24","Benzodiazepine (Benzos)",0
"GermanFly","Benzodiazepine (Benzos)",0
"GermanTraffic","Benzodiazepine (Benzos)",0
"GQDS24","Benzodiazepine (Benzos)",0
"gratefullydead","Benzodiazepine (Benzos)",0
"GreenConnection","Benzodiazepine (Benzos)",0
"greenpirate","Benzodiazepine (Benzos)",0
"groonspark","Benzodiazepine (Benzos)",1
"Grüneapotheke","Benzodiazepine (Benzos)",0
"HighClass","Benzodiazepine (Benzos)",0
"Hilfiger","Benzodiazepine (Benzos)",0
"hollandgottalent","Benzodiazepine (Benzos)",0
"Hudson","Benzodiazepine (Benzos)",1
"hydroguru","Benzodiazepine (Benzos)",3
"Inception","Benzodiazepine (Benzos)",0
"islandboys","Benzodiazepine (Benzos)",0
"ketocrisis","Benzodiazepine (Benzos)",0
"kings","Benzodiazepine (Benzos)",0
"LeParfait","Benzodiazepine (Benzos)",0
"letsgetbaked","Benzodiazepine (Benzos)",0
"Lidocaineshop","Benzodiazepine (Benzos)",0
"LucySkyDiamonds","Benzodiazepine (Benzos)",0
"marshall","Benzodiazepine (Benzos)",3
"MasterMeds","Benzodiazepine (Benzos)",2
"maurelius","Benzodiazepine (Benzos)",0
"maxverstappen","Benzodiazepine (Benzos)",0
"mendosa","Benzodiazepine (Benzos)",0
"MicroDroper","Benzodiazepine (Benzos)",0
"monsterlabstore","Benzodiazepine (Benzos)",0
"Mrjohnson","Benzodiazepine (Benzos)",0
"MrLoud","Benzodiazepine (Benzos)",0
"mrmaster55","Benzodiazepine (Benzos)",0
"NARCOTICSDIRECT","Benzodiazepine (Benzos)",0
"OliverTwiztt","Benzodiazepine (Benzos)",0
"oxytop","Benzodiazepine (Benzos)",0
"ozbabe","Benzodiazepine (Benzos)",0
"ozconnection","Benzodiazepine (Benzos)",0
"PingPongUK","Benzodiazepine (Benzos)",0
"POPEYE_GERMANY","Benzodiazepine (Benzos)",0
"popsnsmoke","Benzodiazepine (Benzos)",1
"probitexchange","Benzodiazepine (Benzos)",0
"Psychetopia","Benzodiazepine (Benzos)",0
"qualimoon","Benzodiazepine (Benzos)",0
"queenofcannabis","Benzodiazepine (Benzos)",0
"quickdeals","Benzodiazepine (Benzos)",0
"Rainb0wPirates","Benzodiazepine (Benzos)",0
"realchemsupplier","Benzodiazepine (Benzos)",2
"Replicagod","Benzodiazepine (Benzos)",0
"revenantchild","Benzodiazepine (Benzos)",0
"RXChemist","Benzodiazepine (Benzos)",2
"S1991","Benzodiazepine (Benzos)",0
"SafestShipping","Benzodiazepine (Benzos)",0
"Safety1st","Benzodiazepine (Benzos)",0
"SelectaCH","Benzodiazepine (Benzos)",0
"Shark_Hash","Benzodiazepine (Benzos)",0
"ShiloM69","Benzodiazepine (Benzos)",0
"shinyflakes","Benzodiazepine (Benzos)",0
"SimpleMeds","Benzodiazepine (Benzos)",7
"SkullsandSkills","Benzodiazepine (Benzos)",0
"SocialPharma","Benzodiazepine (Benzos)",3
"speedexpressgerm","Benzodiazepine (Benzos)",0
"spyder1","Benzodiazepine (Benzos)",0
"straightfromnl","Benzodiazepine (Benzos)",0
"stromer","Benzodiazepine (Benzos)",0
"STUNNAGANG","Benzodiazepine (Benzos)",0
"StuttgartExpress","Benzodiazepine (Benzos)",0
"talfredballusa","Benzodiazepine (Benzos)",0
"themushrooman","Benzodiazepine (Benzos)",0
"TheOxyMen","Benzodiazepine (Benzos)",1
"therealdeal","Benzodiazepine (Benzos)",4
"TheRealPhilMitchell","Benzodiazepine (Benzos)",0
"TheRxPharma","Benzodiazepine (Benzos)",0
"TheWizzardNL","Benzodiazepine (Benzos)",0
"Thuggaking54","Benzodiazepine (Benzos)",1
"tig3r","Benzodiazepine (Benzos)",0
"tomandjerryy","Benzodiazepine (Benzos)",0
"TonysDrugsStore","Benzodiazepine (Benzos)",0
"TorDrug","Benzodiazepine (Benzos)",0
"TreasureCrib","Benzodiazepine (Benzos)",4
"TyskieCrew","Benzodiazepine (Benzos)",0
"UKnarcotics","Benzodiazepine (Benzos)",0
"uspsexpress","Benzodiazepine (Benzos)",1
"Utopia","Benzodiazepine (Benzos)",0
"vandaval","Benzodiazepine (Benzos)",0
"walmart","Benzodiazepine (Benzos)",0
"wanderingsoul","Benzodiazepine (Benzos)",0
"weedator","Benzodiazepine (Benzos)",0
"WEEDBAR","Benzodiazepine (Benzos)",0
"WeedShopHulk","Benzodiazepine (Benzos)",0
"wholelottacarts","Benzodiazepine (Benzos)",0
"xanaxlife","Benzodiazepine (Benzos)",0
"xancan","Benzodiazepine (Benzos)",0
"yodiweed","Benzodiazepine (Benzos)",0
"YOURDEALER","Benzodiazepine (Benzos)",0
"YourFavSisters","Benzodiazepine (Benzos)",0
"yourvendorssupplier","Benzodiazepine (Benzos)",0
"1hero","Cannabis",0
"4free","Cannabis",0
"alfa","Cannabis",0
"AmphetamineCowboys","Cannabis",0
"AmsterdamExpress","Cannabis",0
"andy24","Cannabis",0
"AskFrankUKXXX","Cannabis",0
"avbeaau","Cannabis",0
"backatit28","Cannabis",0
"bcpremo","Cannabis",0
"benzoworld","Cannabis",0
"Blacklist","Cannabis",0
"bluemagic","Cannabis",0
"BMPLC","Cannabis",0
"BritishPablo","Cannabis",5
"BSPLLC","Cannabis",1
"Bulkexpress","Cannabis",0
"CafeNero","Cannabis",0
"cannedgoods","Cannabis",0
"CENAGANG94","Cannabis",0
"cocainecartel","Cannabis",0
"coffeshop","Cannabis",0
"commissionerau","Cannabis",0
"CovidSurvivor2020","Cannabis",0
"Ctrel","Cannabis",0
"DarkAngus","Cannabis",1
"Darklight","Cannabis",0
"darkweeder","Cannabis",0
"DigitalSin","Cannabis",0
"discover","Cannabis",0
"dobdom4eu","Cannabis",0
"DoctorPotenz","Cannabis",0
"DopeSeller","Cannabis",0
"dreamjar","Cannabis",10
"DreamSeven","Cannabis",0
"drkend","Cannabis",0
"DrogenOma","Cannabis",0
"DrRelax","Cannabis",4
"DruggieBears","Cannabis",0
"DRUGSDIRECT","Cannabis",4
"drugstar","Cannabis",0
"Dutchchampion","Cannabis",0
"dutchpharmacy","Cannabis",0
"El-Chapo","Cannabis",10
"EU-League","Cannabis",0
"ezinpharma","Cannabis",0
"fastfrance","Cannabis",1
"fatherless","Cannabis",0
"Firefly","Cannabis",0
"FrankMatthews","Cannabis",0
"frosties2014","Cannabis",0
"FungiRx","Cannabis",1
"GermanDrugScout24","Cannabis",1
"GermanFly","Cannabis",2
"GermanTraffic","Cannabis",0
"GQDS24","Cannabis",1
"gratefullydead","Cannabis",0
"GreenConnection","Cannabis",3
"greenpirate","Cannabis",2
"groonspark","Cannabis",0
"Grüneapotheke","Cannabis",1
"HighClass","Cannabis",0
"Hilfiger","Cannabis",0
"hollandgottalent","Cannabis",0
"Hudson","Cannabis",2
"hydroguru","Cannabis",3
"Inception","Cannabis",0
"islandboys","Cannabis",0
"ketocrisis","Cannabis",0
"kings","Cannabis",0
"LeParfait","Cannabis",2
"letsgetbaked","Cannabis",1
"Lidocaineshop","Cannabis",0
"LucySkyDiamonds","Cannabis",0
"marshall","Cannabis",0
"MasterMeds","Cannabis",0
"maurelius","Cannabis",16
"maxverstappen","Cannabis",0
"mendosa","Cannabis",1
"MicroDroper","Cannabis",0
"monsterlabstore","Cannabis",0
"Mrjohnson","Cannabis",0
"MrLoud","Cannabis",1
"mrmaster55","Cannabis",2
"NARCOTICSDIRECT","Cannabis",0
"OliverTwiztt","Cannabis",0
"oxytop","Cannabis",0
"ozbabe","Cannabis",1
"ozconnection","Cannabis",0
"PingPongUK","Cannabis",0
"POPEYE_GERMANY","Cannabis",0
"popsnsmoke","Cannabis",3
"probitexchange","Cannabis",0
"Psychetopia","Cannabis",1
"qualimoon","Cannabis",0
"queenofcannabis","Cannabis",5
"quickdeals","Cannabis",0
"Rainb0wPirates","Cannabis",2
"realchemsupplier","Cannabis",0
"Replicagod","Cannabis",1
"revenantchild","Cannabis",1
"RXChemist","Cannabis",0
"S1991","Cannabis",0
"SafestShipping","Cannabis",0
"Safety1st","Cannabis",4
"SelectaCH","Cannabis",1
"Shark_Hash","Cannabis",2
"ShiloM69","Cannabis",0
"shinyflakes","Cannabis",0
"SimpleMeds","Cannabis",33
"SkullsandSkills","Cannabis",0
"SocialPharma","Cannabis",0
"speedexpressgerm","Cannabis",0
"spyder1","Cannabis",0
"straightfromnl","Cannabis",0
"stromer","Cannabis",0
"STUNNAGANG","Cannabis",0
"StuttgartExpress","Cannabis",0
"talfredballusa","Cannabis",0
"themushrooman","Cannabis",0
"TheOxyMen","Cannabis",0
"therealdeal","Cannabis",0
"TheRealPhilMitchell","Cannabis",0
"TheRxPharma","Cannabis",0
"TheWizzardNL","Cannabis",0
"Thuggaking54","Cannabis",0
"tig3r","Cannabis",0
"tomandjerryy","Cannabis",0
"TonysDrugsStore","Cannabis",1
"TorDrug","Cannabis",2
"TreasureCrib","Cannabis",2
"TyskieCrew","Cannabis",0
"UKnarcotics","Cannabis",0
"uspsexpress","Cannabis",0
"Utopia","Cannabis",1
"vandaval","Cannabis",0
"walmart","Cannabis",0
"wanderingsoul","Cannabis",2
"weedator","Cannabis",1
"WEEDBAR","Cannabis",2
"WeedShopHulk","Cannabis",1
"wholelottacarts","Cannabis",1
"xanaxlife","Cannabis",0
"xancan","Cannabis",0
"yodiweed","Cannabis",1
"YOURDEALER","Cannabis",0
"YourFavSisters","Cannabis",0
"yourvendorssupplier","Cannabis",0
"1hero","Dissociatives",0
"4free","Dissociatives",0
"alfa","Dissociatives",0
"AmphetamineCowboys","Dissociatives",0
"AmsterdamExpress","Dissociatives",0
"andy24","Dissociatives",0
"AskFrankUKXXX","Dissociatives",0
"avbeaau","Dissociatives",0
"backatit28","Dissociatives",0
"bcpremo","Dissociatives",0
"benzoworld","Dissociatives",0
"Blacklist","Dissociatives",1
"bluemagic","Dissociatives",0
"BMPLC","Dissociatives",0
"BritishPablo","Dissociatives",0
"BSPLLC","Dissociatives",0
"Bulkexpress","Dissociatives",1
"CafeNero","Dissociatives",0
"cannedgoods","Dissociatives",0
"CENAGANG94","Dissociatives",0
"cocainecartel","Dissociatives",1
"coffeshop","Dissociatives",0
"commissionerau","Dissociatives",6
"CovidSurvivor2020","Dissociatives",0
"Ctrel","Dissociatives",2
"DarkAngus","Dissociatives",0
"Darklight","Dissociatives",0
"darkweeder","Dissociatives",0
"DigitalSin","Dissociatives",0
"discover","Dissociatives",1
"dobdom4eu","Dissociatives",0
"DoctorPotenz","Dissociatives",0
"DopeSeller","Dissociatives",3
"dreamjar","Dissociatives",0
"DreamSeven","Dissociatives",2
"drkend","Dissociatives",16
"DrogenOma","Dissociatives",0
"DrRelax","Dissociatives",0
"DruggieBears","Dissociatives",0
"DRUGSDIRECT","Dissociatives",0
"drugstar","Dissociatives",1
"Dutchchampion","Dissociatives",5
"dutchpharmacy","Dissociatives",0
"El-Chapo","Dissociatives",0
"EU-League","Dissociatives",0
"ezinpharma","Dissociatives",0
"fastfrance","Dissociatives",0
"fatherless","Dissociatives",0
"Firefly","Dissociatives",1
"FrankMatthews","Dissociatives",0
"frosties2014","Dissociatives",0
"FungiRx","Dissociatives",0
"GermanDrugScout24","Dissociatives",0
"GermanFly","Dissociatives",0
"GermanTraffic","Dissociatives",0
"GQDS24","Dissociatives",0
"gratefullydead","Dissociatives",0
"GreenConnection","Dissociatives",0
"greenpirate","Dissociatives",0
"groonspark","Dissociatives",0
"Grüneapotheke","Dissociatives",0
"HighClass","Dissociatives",1
"Hilfiger","Dissociatives",0
"hollandgottalent","Dissociatives",1
"Hudson","Dissociatives",0
"hydroguru","Dissociatives",4
"Inception","Dissociatives",0
"islandboys","Dissociatives",0
"ketocrisis","Dissociatives",2
"kings","Dissociatives",0
"LeParfait","Dissociatives",0
"letsgetbaked","Dissociatives",0
"Lidocaineshop","Dissociatives",0
"LucySkyDiamonds","Dissociatives",0
"marshall","Dissociatives",0
"MasterMeds","Dissociatives",0
"maurelius","Dissociatives",0
"maxverstappen","Dissociatives",1
"mendosa","Dissociatives",0
"MicroDroper","Dissociatives",0
"monsterlabstore","Dissociatives",0
"Mrjohnson","Dissociatives",0
"MrLoud","Dissociatives",0
"mrmaster55","Dissociatives",0
"NARCOTICSDIRECT","Dissociatives",1
"OliverTwiztt","Dissociatives",0
"oxytop","Dissociatives",0
"ozbabe","Dissociatives",0
"ozconnection","Dissociatives",0
"PingPongUK","Dissociatives",0
"POPEYE_GERMANY","Dissociatives",0
"popsnsmoke","Dissociatives",0
"probitexchange","Dissociatives",0
"Psychetopia","Dissociatives",0
"qualimoon","Dissociatives",0
"queenofcannabis","Dissociatives",0
"quickdeals","Dissociatives",0
"Rainb0wPirates","Dissociatives",0
"realchemsupplier","Dissociatives",0
"Replicagod","Dissociatives",0
"revenantchild","Dissociatives",0
"RXChemist","Dissociatives",0
"S1991","Dissociatives",0
"SafestShipping","Dissociatives",1
"Safety1st","Dissociatives",0
"SelectaCH","Dissociatives",0
"Shark_Hash","Dissociatives",0
"ShiloM69","Dissociatives",0
"shinyflakes","Dissociatives",0
"SimpleMeds","Dissociatives",0
"SkullsandSkills","Dissociatives",0
"SocialPharma","Dissociatives",0
"speedexpressgerm","Dissociatives",0
"spyder1","Dissociatives",0
"straightfromnl","Dissociatives",1
"stromer","Dissociatives",0
"STUNNAGANG","Dissociatives",0
"StuttgartExpress","Dissociatives",0
"talfredballusa","Dissociatives",0
"themushrooman","Dissociatives",0
"TheOxyMen","Dissociatives",0
"therealdeal","Dissociatives",1
"TheRealPhilMitchell","Dissociatives",0
"TheRxPharma","Dissociatives",0
"TheWizzardNL","Dissociatives",0
"Thuggaking54","Dissociatives",4
"tig3r","Dissociatives",5
"tomandjerryy","Dissociatives",0
"TonysDrugsStore","Dissociatives",0
"TorDrug","Dissociatives",0
"TreasureCrib","Dissociatives",5
"TyskieCrew","Dissociatives",0
"UKnarcotics","Dissociatives",0
"uspsexpress","Dissociatives",0
"Utopia","Dissociatives",0
"vandaval","Dissociatives",0
"walmart","Dissociatives",0
"wanderingsoul","Dissociatives",0
"weedator","Dissociatives",0
"WEEDBAR","Dissociatives",0
"WeedShopHulk","Dissociatives",0
"wholelottacarts","Dissociatives",0
"xanaxlife","Dissociatives",0
"xancan","Dissociatives",0
"yodiweed","Dissociatives",0
"YOURDEALER","Dissociatives",0
"YourFavSisters","Dissociatives",0
"yourvendorssupplier","Dissociatives",0
"1hero","Ecstasy",0
"4free","Ecstasy",0
"alfa","Ecstasy",0
"AmphetamineCowboys","Ecstasy",0
"AmsterdamExpress","Ecstasy",3
"andy24","Ecstasy",0
"AskFrankUKXXX","Ecstasy",0
"avbeaau","Ecstasy",0
"backatit28","Ecstasy",0
"bcpremo","Ecstasy",0
"benzoworld","Ecstasy",0
"Blacklist","Ecstasy",2
"bluemagic","Ecstasy",0
"BMPLC","Ecstasy",0
"BritishPablo","Ecstasy",0
"BSPLLC","Ecstasy",0
"Bulkexpress","Ecstasy",0
"CafeNero","Ecstasy",2
"cannedgoods","Ecstasy",0
"CENAGANG94","Ecstasy",1
"cocainecartel","Ecstasy",0
"coffeshop","Ecstasy",0
"commissionerau","Ecstasy",0
"CovidSurvivor2020","Ecstasy",0
"Ctrel","Ecstasy",0
"DarkAngus","Ecstasy",0
"Darklight","Ecstasy",0
"darkweeder","Ecstasy",0
"DigitalSin","Ecstasy",0
"discover","Ecstasy",0
"dobdom4eu","Ecstasy",0
"DoctorPotenz","Ecstasy",0
"DopeSeller","Ecstasy",0
"dreamjar","Ecstasy",0
"DreamSeven","Ecstasy",0
"drkend","Ecstasy",10
"DrogenOma","Ecstasy",0
"DrRelax","Ecstasy",0
"DruggieBears","Ecstasy",0
"DRUGSDIRECT","Ecstasy",1
"drugstar","Ecstasy",1
"Dutchchampion","Ecstasy",3
"dutchpharmacy","Ecstasy",1
"El-Chapo","Ecstasy",0
"EU-League","Ecstasy",3
"ezinpharma","Ecstasy",0
"fastfrance","Ecstasy",0
"fatherless","Ecstasy",0
"Firefly","Ecstasy",0
"FrankMatthews","Ecstasy",1
"frosties2014","Ecstasy",2
"FungiRx","Ecstasy",0
"GermanDrugScout24","Ecstasy",0
"GermanFly","Ecstasy",0
"GermanTraffic","Ecstasy",0
"GQDS24","Ecstasy",0
"gratefullydead","Ecstasy",0
"GreenConnection","Ecstasy",0
"greenpirate","Ecstasy",0
"groonspark","Ecstasy",0
"Grüneapotheke","Ecstasy",0
"HighClass","Ecstasy",0
"Hilfiger","Ecstasy",0
"hollandgottalent","Ecstasy",0
"Hudson","Ecstasy",1
"hydroguru","Ecstasy",1
"Inception","Ecstasy",0
"islandboys","Ecstasy",1
"ketocrisis","Ecstasy",0
"kings","Ecstasy",0
"LeParfait","Ecstasy",0
"letsgetbaked","Ecstasy",0
"Lidocaineshop","Ecstasy",0
"LucySkyDiamonds","Ecstasy",0
"marshall","Ecstasy",0
"MasterMeds","Ecstasy",0
"maurelius","Ecstasy",0
"maxverstappen","Ecstasy",1
"mendosa","Ecstasy",0
"MicroDroper","Ecstasy",0
"monsterlabstore","Ecstasy",0
"Mrjohnson","Ecstasy",0
"MrLoud","Ecstasy",0
"mrmaster55","Ecstasy",0
"NARCOTICSDIRECT","Ecstasy",0
"OliverTwiztt","Ecstasy",0
"oxytop","Ecstasy",0
"ozbabe","Ecstasy",0
"ozconnection","Ecstasy",0
"PingPongUK","Ecstasy",10
"POPEYE_GERMANY","Ecstasy",0
"popsnsmoke","Ecstasy",2
"probitexchange","Ecstasy",0
"Psychetopia","Ecstasy",0
"qualimoon","Ecstasy",0
"queenofcannabis","Ecstasy",0
"quickdeals","Ecstasy",0
"Rainb0wPirates","Ecstasy",0
"realchemsupplier","Ecstasy",0
"Replicagod","Ecstasy",0
"revenantchild","Ecstasy",0
"RXChemist","Ecstasy",0
"S1991","Ecstasy",0
"SafestShipping","Ecstasy",0
"Safety1st","Ecstasy",0
"SelectaCH","Ecstasy",0
"Shark_Hash","Ecstasy",0
"ShiloM69","Ecstasy",0
"shinyflakes","Ecstasy",0
"SimpleMeds","Ecstasy",0
"SkullsandSkills","Ecstasy",0
"SocialPharma","Ecstasy",0
"speedexpressgerm","Ecstasy",0
"spyder1","Ecstasy",0
"straightfromnl","Ecstasy",1
"stromer","Ecstasy",0
"STUNNAGANG","Ecstasy",0
"StuttgartExpress","Ecstasy",1
"talfredballusa","Ecstasy",0
"themushrooman","Ecstasy",0
"TheOxyMen","Ecstasy",0
"therealdeal","Ecstasy",3
"TheRealPhilMitchell","Ecstasy",0
"TheRxPharma","Ecstasy",0
"TheWizzardNL","Ecstasy",0
"Thuggaking54","Ecstasy",0
"tig3r","Ecstasy",0
"tomandjerryy","Ecstasy",0
"TonysDrugsStore","Ecstasy",0
"TorDrug","Ecstasy",0
"TreasureCrib","Ecstasy",4
"TyskieCrew","Ecstasy",0
"UKnarcotics","Ecstasy",1
"uspsexpress","Ecstasy",0
"Utopia","Ecstasy",0
"vandaval","Ecstasy",0
"walmart","Ecstasy",2
"wanderingsoul","Ecstasy",0
"weedator","Ecstasy",0
"WEEDBAR","Ecstasy",0
"WeedShopHulk","Ecstasy",0
"wholelottacarts","Ecstasy",0
"xanaxlife","Ecstasy",0
"xancan","Ecstasy",0
"yodiweed","Ecstasy",0
"YOURDEALER","Ecstasy",0
"YourFavSisters","Ecstasy",0
"yourvendorssupplier","Ecstasy",0
"1hero","Opioids",2
"4free","Opioids",0
"alfa","Opioids",0
"AmphetamineCowboys","Opioids",0
"AmsterdamExpress","Opioids",2
"andy24","Opioids",1
"AskFrankUKXXX","Opioids",0
"avbeaau","Opioids",0
"backatit28","Opioids",1
"bcpremo","Opioids",1
"benzoworld","Opioids",0
"Blacklist","Opioids",0
"bluemagic","Opioids",0
"BMPLC","Opioids",0
"BritishPablo","Opioids",0
"BSPLLC","Opioids",0
"Bulkexpress","Opioids",0
"CafeNero","Opioids",1
"cannedgoods","Opioids",0
"CENAGANG94","Opioids",0
"cocainecartel","Opioids",0
"coffeshop","Opioids",1
"commissionerau","Opioids",0
"CovidSurvivor2020","Opioids",1
"Ctrel","Opioids",0
"DarkAngus","Opioids",0
"Darklight","Opioids",2
"darkweeder","Opioids",0
"DigitalSin","Opioids",2
"discover","Opioids",0
"dobdom4eu","Opioids",0
"DoctorPotenz","Opioids",0
"DopeSeller","Opioids",0
"dreamjar","Opioids",0
"DreamSeven","Opioids",0
"drkend","Opioids",10
"DrogenOma","Opioids",0
"DrRelax","Opioids",0
"DruggieBears","Opioids",0
"DRUGSDIRECT","Opioids",0
"drugstar","Opioids",0
"Dutchchampion","Opioids",0
"dutchpharmacy","Opioids",0
"El-Chapo","Opioids",0
"EU-League","Opioids",0
"ezinpharma","Opioids",1
"fastfrance","Opioids",0
"fatherless","Opioids",0
"Firefly","Opioids",0
"FrankMatthews","Opioids",0
"frosties2014","Opioids",0
"FungiRx","Opioids",0
"GermanDrugScout24","Opioids",1
"GermanFly","Opioids",0
"GermanTraffic","Opioids",1
"GQDS24","Opioids",0
"gratefullydead","Opioids",0
"GreenConnection","Opioids",0
"greenpirate","Opioids",0
"groonspark","Opioids",2
"Grüneapotheke","Opioids",0
"HighClass","Opioids",0
"Hilfiger","Opioids",1
"hollandgottalent","Opioids",0
"Hudson","Opioids",0
"hydroguru","Opioids",6
"Inception","Opioids",0
"islandboys","Opioids",0
"ketocrisis","Opioids",0
"kings","Opioids",1
"LeParfait","Opioids",0
"letsgetbaked","Opioids",0
"Lidocaineshop","Opioids",0
"LucySkyDiamonds","Opioids",0
"marshall","Opioids",0
"MasterMeds","Opioids",0
"maurelius","Opioids",0
"maxverstappen","Opioids",0
"mendosa","Opioids",0
"MicroDroper","Opioids",4
"monsterlabstore","Opioids",0
"Mrjohnson","Opioids",0
"MrLoud","Opioids",0
"mrmaster55","Opioids",0
"NARCOTICSDIRECT","Opioids",0
"OliverTwiztt","Opioids",0
"oxytop","Opioids",1
"ozbabe","Opioids",1
"ozconnection","Opioids",0
"PingPongUK","Opioids",0
"POPEYE_GERMANY","Opioids",0
"popsnsmoke","Opioids",0
"probitexchange","Opioids",0
"Psychetopia","Opioids",0
"qualimoon","Opioids",1
"queenofcannabis","Opioids",0
"quickdeals","Opioids",1
"Rainb0wPirates","Opioids",0
"realchemsupplier","Opioids",0
"Replicagod","Opioids",0
"revenantchild","Opioids",0
"RXChemist","Opioids",0
"S1991","Opioids",1
"SafestShipping","Opioids",2
"Safety1st","Opioids",0
"SelectaCH","Opioids",0
"Shark_Hash","Opioids",0
"ShiloM69","Opioids",0
"shinyflakes","Opioids",1
"SimpleMeds","Opioids",0
"SkullsandSkills","Opioids",0
"SocialPharma","Opioids",5
"speedexpressgerm","Opioids",0
"spyder1","Opioids",1
"straightfromnl","Opioids",0
"stromer","Opioids",1
"STUNNAGANG","Opioids",2
"StuttgartExpress","Opioids",0
"talfredballusa","Opioids",1
"themushrooman","Opioids",0
"TheOxyMen","Opioids",1
"therealdeal","Opioids",2
"TheRealPhilMitchell","Opioids",0
"TheRxPharma","Opioids",0
"TheWizzardNL","Opioids",1
"Thuggaking54","Opioids",1
"tig3r","Opioids",0
"tomandjerryy","Opioids",1
"TonysDrugsStore","Opioids",0
"TorDrug","Opioids",0
"TreasureCrib","Opioids",1
"TyskieCrew","Opioids",0
"UKnarcotics","Opioids",0
"uspsexpress","Opioids",0
"Utopia","Opioids",0
"vandaval","Opioids",0
"walmart","Opioids",2
"wanderingsoul","Opioids",0
"weedator","Opioids",0
"WEEDBAR","Opioids",0
"WeedShopHulk","Opioids",0
"wholelottacarts","Opioids",0
"xanaxlife","Opioids",0
"xancan","Opioids",0
"yodiweed","Opioids",0
"YOURDEALER","Opioids",0
"YourFavSisters","Opioids",0
"yourvendorssupplier","Opioids",0
"1hero","Other",0
"4free","Other",0
"alfa","Other",0
"AmphetamineCowboys","Other",0
"AmsterdamExpress","Other",0
"andy24","Other",0
"AskFrankUKXXX","Other",0
"avbeaau","Other",0
"backatit28","Other",0
"bcpremo","Other",0
"benzoworld","Other",0
"Blacklist","Other",0
"bluemagic","Other",0
"BMPLC","Other",0
"BritishPablo","Other",0
"BSPLLC","Other",0
"Bulkexpress","Other",0
"CafeNero","Other",0
"cannedgoods","Other",0
"CENAGANG94","Other",0
"cocainecartel","Other",0
"coffeshop","Other",0
"commissionerau","Other",0
"CovidSurvivor2020","Other",0
"Ctrel","Other",0
"DarkAngus","Other",0
"Darklight","Other",0
"darkweeder","Other",0
"DigitalSin","Other",0
"discover","Other",0
"dobdom4eu","Other",0
"DoctorPotenz","Other",0
"DopeSeller","Other",0
"dreamjar","Other",0
"DreamSeven","Other",0
"drkend","Other",0
"DrogenOma","Other",0
"DrRelax","Other",0
"DruggieBears","Other",0
"DRUGSDIRECT","Other",0
"drugstar","Other",0
"Dutchchampion","Other",0
"dutchpharmacy","Other",0
"El-Chapo","Other",0
"EU-League","Other",0
"ezinpharma","Other",0
"fastfrance","Other",0
"fatherless","Other",0
"Firefly","Other",0
"FrankMatthews","Other",0
"frosties2014","Other",0
"FungiRx","Other",0
"GermanDrugScout24","Other",0
"GermanFly","Other",0
"GermanTraffic","Other",0
"GQDS24","Other",0
"gratefullydead","Other",0
"GreenConnection","Other",0
"greenpirate","Other",0
"groonspark","Other",0
"Grüneapotheke","Other",0
"HighClass","Other",0
"Hilfiger","Other",0
"hollandgottalent","Other",0
"Hudson","Other",0
"hydroguru","Other",0
"Inception","Other",0
"islandboys","Other",0
"ketocrisis","Other",0
"kings","Other",0
"LeParfait","Other",0
"letsgetbaked","Other",0
"Lidocaineshop","Other",0
"LucySkyDiamonds","Other",0
"marshall","Other",0
"MasterMeds","Other",1
"maurelius","Other",0
"maxverstappen","Other",0
"mendosa","Other",0
"MicroDroper","Other",0
"monsterlabstore","Other",0
"Mrjohnson","Other",0
"MrLoud","Other",0
"mrmaster55","Other",0
"NARCOTICSDIRECT","Other",0
"OliverTwiztt","Other",0
"oxytop","Other",0
"ozbabe","Other",0
"ozconnection","Other",0
"PingPongUK","Other",0
"POPEYE_GERMANY","Other",0
"popsnsmoke","Other",0
"probitexchange","Other",0
"Psychetopia","Other",0
"qualimoon","Other",0
"queenofcannabis","Other",0
"quickdeals","Other",0
"Rainb0wPirates","Other",0
"realchemsupplier","Other",0
"Replicagod","Other",0
"revenantchild","Other",0
"RXChemist","Other",0
"S1991","Other",0
"SafestShipping","Other",0
"Safety1st","Other",0
"SelectaCH","Other",0
"Shark_Hash","Other",0
"ShiloM69","Other",0
"shinyflakes","Other",0
"SimpleMeds","Other",0
"SkullsandSkills","Other",0
"SocialPharma","Other",0
"speedexpressgerm","Other",0
"spyder1","Other",0
"straightfromnl","Other",0
"stromer","Other",0
"STUNNAGANG","Other",0
"StuttgartExpress","Other",0
"talfredballusa","Other",0
"themushrooman","Other",0
"TheOxyMen","Other",0
"therealdeal","Other",0
"TheRealPhilMitchell","Other",0
"TheRxPharma","Other",0
"TheWizzardNL","Other",0
"Thuggaking54","Other",1
"tig3r","Other",0
"tomandjerryy","Other",0
"TonysDrugsStore","Other",0
"TorDrug","Other",0
"TreasureCrib","Other",4
"TyskieCrew","Other",0
"UKnarcotics","Other",0
"uspsexpress","Other",0
"Utopia","Other",0
"vandaval","Other",0
"walmart","Other",0
"wanderingsoul","Other",0
"weedator","Other",0
"WEEDBAR","Other",0
"WeedShopHulk","Other",0
"wholelottacarts","Other",0
"xanaxlife","Other",0
"xancan","Other",0
"yodiweed","Other",0
"YOURDEALER","Other",0
"YourFavSisters","Other",0
"yourvendorssupplier","Other",0
"1hero","Prescription Drugs",0
"4free","Prescription Drugs",0
"alfa","Prescription Drugs",1
"AmphetamineCowboys","Prescription Drugs",0
"AmsterdamExpress","Prescription Drugs",0
"andy24","Prescription Drugs",0
"AskFrankUKXXX","Prescription Drugs",0
"avbeaau","Prescription Drugs",0
"backatit28","Prescription Drugs",0
"bcpremo","Prescription Drugs",0
"benzoworld","Prescription Drugs",0
"Blacklist","Prescription Drugs",0
"bluemagic","Prescription Drugs",0
"BMPLC","Prescription Drugs",0
"BritishPablo","Prescription Drugs",0
"BSPLLC","Prescription Drugs",0
"Bulkexpress","Prescription Drugs",0
"CafeNero","Prescription Drugs",0
"cannedgoods","Prescription Drugs",0
"CENAGANG94","Prescription Drugs",0
"cocainecartel","Prescription Drugs",0
"coffeshop","Prescription Drugs",0
"commissionerau","Prescription Drugs",0
"CovidSurvivor2020","Prescription Drugs",0
"Ctrel","Prescription Drugs",0
"DarkAngus","Prescription Drugs",0
"Darklight","Prescription Drugs",0
"darkweeder","Prescription Drugs",0
"DigitalSin","Prescription Drugs",0
"discover","Prescription Drugs",0
"dobdom4eu","Prescription Drugs",0
"DoctorPotenz","Prescription Drugs",8
"DopeSeller","Prescription Drugs",0
"dreamjar","Prescription Drugs",0
"DreamSeven","Prescription Drugs",0
"drkend","Prescription Drugs",0
"DrogenOma","Prescription Drugs",0
"DrRelax","Prescription Drugs",0
"DruggieBears","Prescription Drugs",0
"DRUGSDIRECT","Prescription Drugs",0
"drugstar","Prescription Drugs",0
"Dutchchampion","Prescription Drugs",0
"dutchpharmacy","Prescription Drugs",0
"El-Chapo","Prescription Drugs",0
"EU-League","Prescription Drugs",0
"ezinpharma","Prescription Drugs",0
"fastfrance","Prescription Drugs",0
"fatherless","Prescription Drugs",0
"Firefly","Prescription Drugs",0
"FrankMatthews","Prescription Drugs",0
"frosties2014","Prescription Drugs",0
"FungiRx","Prescription Drugs",0
"GermanDrugScout24","Prescription Drugs",0
"GermanFly","Prescription Drugs",0
"GermanTraffic","Prescription Drugs",0
"GQDS24","Prescription Drugs",0
"gratefullydead","Prescription Drugs",0
"GreenConnection","Prescription Drugs",0
"greenpirate","Prescription Drugs",0
"groonspark","Prescription Drugs",0
"Grüneapotheke","Prescription Drugs",0
"HighClass","Prescription Drugs",0
"Hilfiger","Prescription Drugs",0
"hollandgottalent","Prescription Drugs",0
"Hudson","Prescription Drugs",0
"hydroguru","Prescription Drugs",0
"Inception","Prescription Drugs",0
"islandboys","Prescription Drugs",0
"ketocrisis","Prescription Drugs",0
"kings","Prescription Drugs",0
"LeParfait","Prescription Drugs",0
"letsgetbaked","Prescription Drugs",0
"Lidocaineshop","Prescription Drugs",0
"LucySkyDiamonds","Prescription Drugs",0
"marshall","Prescription Drugs",0
"MasterMeds","Prescription Drugs",18
"maurelius","Prescription Drugs",0
"maxverstappen","Prescription Drugs",0
"mendosa","Prescription Drugs",0
"MicroDroper","Prescription Drugs",0
"monsterlabstore","Prescription Drugs",0
"Mrjohnson","Prescription Drugs",0
"MrLoud","Prescription Drugs",0
"mrmaster55","Prescription Drugs",0
"NARCOTICSDIRECT","Prescription Drugs",0
"OliverTwiztt","Prescription Drugs",0
"oxytop","Prescription Drugs",0
"ozbabe","Prescription Drugs",0
"ozconnection","Prescription Drugs",0
"PingPongUK","Prescription Drugs",0
"POPEYE_GERMANY","Prescription Drugs",0
"popsnsmoke","Prescription Drugs",0
"probitexchange","Prescription Drugs",0
"Psychetopia","Prescription Drugs",0
"qualimoon","Prescription Drugs",0
"queenofcannabis","Prescription Drugs",0
"quickdeals","Prescription Drugs",0
"Rainb0wPirates","Prescription Drugs",0
"realchemsupplier","Prescription Drugs",0
"Replicagod","Prescription Drugs",0
"revenantchild","Prescription Drugs",0
"RXChemist","Prescription Drugs",0
"S1991","Prescription Drugs",0
"SafestShipping","Prescription Drugs",0
"Safety1st","Prescription Drugs",0
"SelectaCH","Prescription Drugs",0
"Shark_Hash","Prescription Drugs",0
"ShiloM69","Prescription Drugs",0
"shinyflakes","Prescription Drugs",0
"SimpleMeds","Prescription Drugs",0
"SkullsandSkills","Prescription Drugs",0
"SocialPharma","Prescription Drugs",0
"speedexpressgerm","Prescription Drugs",0
"spyder1","Prescription Drugs",0
"straightfromnl","Prescription Drugs",0
"stromer","Prescription Drugs",0
"STUNNAGANG","Prescription Drugs",0
"StuttgartExpress","Prescription Drugs",0
"talfredballusa","Prescription Drugs",0
"themushrooman","Prescription Drugs",0
"TheOxyMen","Prescription Drugs",2
"therealdeal","Prescription Drugs",0
"TheRealPhilMitchell","Prescription Drugs",0
"TheRxPharma","Prescription Drugs",0
"TheWizzardNL","Prescription Drugs",0
"Thuggaking54","Prescription Drugs",0
"tig3r","Prescription Drugs",0
"tomandjerryy","Prescription Drugs",0
"TonysDrugsStore","Prescription Drugs",0
"TorDrug","Prescription Drugs",0
"TreasureCrib","Prescription Drugs",0
"TyskieCrew","Prescription Drugs",0
"UKnarcotics","Prescription Drugs",0
"uspsexpress","Prescription Drugs",0
"Utopia","Prescription Drugs",0
"vandaval","Prescription Drugs",0
"walmart","Prescription Drugs",0
"wanderingsoul","Prescription Drugs",0
"weedator","Prescription Drugs",0
"WEEDBAR","Prescription Drugs",0
"WeedShopHulk","Prescription Drugs",0
"wholelottacarts","Prescription Drugs",0
"xanaxlife","Prescription Drugs",0
"xancan","Prescription Drugs",0
"yodiweed","Prescription Drugs",0
"YOURDEALER","Prescription Drugs",0
"YourFavSisters","Prescription Drugs",0
"yourvendorssupplier","Prescription Drugs",0
"1hero","Psychedelics",0
"4free","Psychedelics",0
"alfa","Psychedelics",0
"AmphetamineCowboys","Psychedelics",0
"AmsterdamExpress","Psychedelics",0
"andy24","Psychedelics",0
"AskFrankUKXXX","Psychedelics",0
"avbeaau","Psychedelics",0
"backatit28","Psychedelics",0
"bcpremo","Psychedelics",0
"benzoworld","Psychedelics",0
"Blacklist","Psychedelics",1
"bluemagic","Psychedelics",0
"BMPLC","Psychedelics",0
"BritishPablo","Psychedelics",0
"BSPLLC","Psychedelics",0
"Bulkexpress","Psychedelics",0
"CafeNero","Psychedelics",2
"cannedgoods","Psychedelics",1
"CENAGANG94","Psychedelics",0
"cocainecartel","Psychedelics",0
"coffeshop","Psychedelics",0
"commissionerau","Psychedelics",0
"CovidSurvivor2020","Psychedelics",0
"Ctrel","Psychedelics",0
"DarkAngus","Psychedelics",0
"Darklight","Psychedelics",0
"darkweeder","Psychedelics",0
"DigitalSin","Psychedelics",0
"discover","Psychedelics",0
"dobdom4eu","Psychedelics",0
"DoctorPotenz","Psychedelics",0
"DopeSeller","Psychedelics",0
"dreamjar","Psychedelics",0
"DreamSeven","Psychedelics",0
"drkend","Psychedelics",0
"DrogenOma","Psychedelics",0
"DrRelax","Psychedelics",0
"DruggieBears","Psychedelics",0
"DRUGSDIRECT","Psychedelics",0
"drugstar","Psychedelics",1
"Dutchchampion","Psychedelics",1
"dutchpharmacy","Psychedelics",0
"El-Chapo","Psychedelics",0
"EU-League","Psychedelics",1
"ezinpharma","Psychedelics",0
"fastfrance","Psychedelics",0
"fatherless","Psychedelics",1
"Firefly","Psychedelics",0
"FrankMatthews","Psychedelics",0
"frosties2014","Psychedelics",0
"FungiRx","Psychedelics",0
"GermanDrugScout24","Psychedelics",0
"GermanFly","Psychedelics",0
"GermanTraffic","Psychedelics",0
"GQDS24","Psychedelics",0
"gratefullydead","Psychedelics",4
"GreenConnection","Psychedelics",0
"greenpirate","Psychedelics",0
"groonspark","Psychedelics",0
"Grüneapotheke","Psychedelics",0
"HighClass","Psychedelics",1
"Hilfiger","Psychedelics",0
"hollandgottalent","Psychedelics",0
"Hudson","Psychedelics",0
"hydroguru","Psychedelics",0
"Inception","Psychedelics",4
"islandboys","Psychedelics",0
"ketocrisis","Psychedelics",0
"kings","Psychedelics",0
"LeParfait","Psychedelics",0
"letsgetbaked","Psychedelics",0
"Lidocaineshop","Psychedelics",0
"LucySkyDiamonds","Psychedelics",1
"marshall","Psychedelics",0
"MasterMeds","Psychedelics",0
"maurelius","Psychedelics",0
"maxverstappen","Psychedelics",0
"mendosa","Psychedelics",0
"MicroDroper","Psychedelics",0
"monsterlabstore","Psychedelics",0
"Mrjohnson","Psychedelics",0
"MrLoud","Psychedelics",0
"mrmaster55","Psychedelics",0
"NARCOTICSDIRECT","Psychedelics",0
"OliverTwiztt","Psychedelics",0
"oxytop","Psychedelics",0
"ozbabe","Psychedelics",0
"ozconnection","Psychedelics",0
"PingPongUK","Psychedelics",2
"POPEYE_GERMANY","Psychedelics",0
"popsnsmoke","Psychedelics",0
"probitexchange","Psychedelics",0
"Psychetopia","Psychedelics",5
"qualimoon","Psychedelics",0
"queenofcannabis","Psychedelics",0
"quickdeals","Psychedelics",0
"Rainb0wPirates","Psychedelics",0
"realchemsupplier","Psychedelics",0
"Replicagod","Psychedelics",0
"revenantchild","Psychedelics",0
"RXChemist","Psychedelics",0
"S1991","Psychedelics",0
"SafestShipping","Psychedelics",2
"Safety1st","Psychedelics",0
"SelectaCH","Psychedelics",0
"Shark_Hash","Psychedelics",0
"ShiloM69","Psychedelics",1
"shinyflakes","Psychedelics",0
"SimpleMeds","Psychedelics",0
"SkullsandSkills","Psychedelics",1
"SocialPharma","Psychedelics",0
"speedexpressgerm","Psychedelics",0
"spyder1","Psychedelics",0
"straightfromnl","Psychedelics",1
"stromer","Psychedelics",0
"STUNNAGANG","Psychedelics",0
"StuttgartExpress","Psychedelics",0
"talfredballusa","Psychedelics",0
"themushrooman","Psychedelics",1
"TheOxyMen","Psychedelics",0
"therealdeal","Psychedelics",1
"TheRealPhilMitchell","Psychedelics",0
"TheRxPharma","Psychedelics",0
"TheWizzardNL","Psychedelics",0
"Thuggaking54","Psychedelics",3
"tig3r","Psychedelics",0
"tomandjerryy","Psychedelics",0
"TonysDrugsStore","Psychedelics",0
"TorDrug","Psychedelics",0
"TreasureCrib","Psychedelics",1
"TyskieCrew","Psychedelics",0
"UKnarcotics","Psychedelics",0
"uspsexpress","Psychedelics",0
"Utopia","Psychedelics",0
"vandaval","Psychedelics",0
"walmart","Psychedelics",0
"wanderingsoul","Psychedelics",0
"weedator","Psychedelics",0
"WEEDBAR","Psychedelics",0
"WeedShopHulk","Psychedelics",0
"wholelottacarts","Psychedelics",0
"xanaxlife","Psychedelics",0
"xancan","Psychedelics",0
"yodiweed","Psychedelics",0
"YOURDEALER","Psychedelics",0
"YourFavSisters","Psychedelics",0
"yourvendorssupplier","Psychedelics",0
"1hero","Steroids",0
"4free","Steroids",0
"alfa","Steroids",0
"AmphetamineCowboys","Steroids",0
"AmsterdamExpress","Steroids",0
"andy24","Steroids",0
"AskFrankUKXXX","Steroids",1
"avbeaau","Steroids",0
"backatit28","Steroids",0
"bcpremo","Steroids",0
"benzoworld","Steroids",0
"Blacklist","Steroids",0
"bluemagic","Steroids",0
"BMPLC","Steroids",0
"BritishPablo","Steroids",0
"BSPLLC","Steroids",0
"Bulkexpress","Steroids",0
"CafeNero","Steroids",0
"cannedgoods","Steroids",0
"CENAGANG94","Steroids",0
"cocainecartel","Steroids",0
"coffeshop","Steroids",0
"commissionerau","Steroids",0
"CovidSurvivor2020","Steroids",1
"Ctrel","Steroids",0
"DarkAngus","Steroids",0
"Darklight","Steroids",0
"darkweeder","Steroids",0
"DigitalSin","Steroids",0
"discover","Steroids",0
"dobdom4eu","Steroids",0
"DoctorPotenz","Steroids",0
"DopeSeller","Steroids",0
"dreamjar","Steroids",0
"DreamSeven","Steroids",0
"drkend","Steroids",0
"DrogenOma","Steroids",0
"DrRelax","Steroids",0
"DruggieBears","Steroids",0
"DRUGSDIRECT","Steroids",0
"drugstar","Steroids",0
"Dutchchampion","Steroids",0
"dutchpharmacy","Steroids",0
"El-Chapo","Steroids",0
"EU-League","Steroids",0
"ezinpharma","Steroids",0
"fastfrance","Steroids",0
"fatherless","Steroids",0
"Firefly","Steroids",0
"FrankMatthews","Steroids",0
"frosties2014","Steroids",0
"FungiRx","Steroids",0
"GermanDrugScout24","Steroids",0
"GermanFly","Steroids",0
"GermanTraffic","Steroids",0
"GQDS24","Steroids",0
"gratefullydead","Steroids",0
"GreenConnection","Steroids",0
"greenpirate","Steroids",0
"groonspark","Steroids",0
"Grüneapotheke","Steroids",0
"HighClass","Steroids",0
"Hilfiger","Steroids",0
"hollandgottalent","Steroids",0
"Hudson","Steroids",0
"hydroguru","Steroids",0
"Inception","Steroids",0
"islandboys","Steroids",0
"ketocrisis","Steroids",0
"kings","Steroids",0
"LeParfait","Steroids",0
"letsgetbaked","Steroids",0
"Lidocaineshop","Steroids",0
"LucySkyDiamonds","Steroids",0
"marshall","Steroids",0
"MasterMeds","Steroids",0
"maurelius","Steroids",0
"maxverstappen","Steroids",0
"mendosa","Steroids",0
"MicroDroper","Steroids",0
"monsterlabstore","Steroids",30
"Mrjohnson","Steroids",0
"MrLoud","Steroids",0
"mrmaster55","Steroids",0
"NARCOTICSDIRECT","Steroids",0
"OliverTwiztt","Steroids",0
"oxytop","Steroids",0
"ozbabe","Steroids",0
"ozconnection","Steroids",0
"PingPongUK","Steroids",0
"POPEYE_GERMANY","Steroids",0
"popsnsmoke","Steroids",0
"probitexchange","Steroids",0
"Psychetopia","Steroids",0
"qualimoon","Steroids",0
"queenofcannabis","Steroids",0
"quickdeals","Steroids",0
"Rainb0wPirates","Steroids",0
"realchemsupplier","Steroids",0
"Replicagod","Steroids",0
"revenantchild","Steroids",0
"RXChemist","Steroids",0
"S1991","Steroids",0
"SafestShipping","Steroids",0
"Safety1st","Steroids",0
"SelectaCH","Steroids",0
"Shark_Hash","Steroids",0
"ShiloM69","Steroids",0
"shinyflakes","Steroids",0
"SimpleMeds","Steroids",0
"SkullsandSkills","Steroids",0
"SocialPharma","Steroids",0
"speedexpressgerm","Steroids",0
"spyder1","Steroids",0
"straightfromnl","Steroids",0
"stromer","Steroids",0
"STUNNAGANG","Steroids",0
"StuttgartExpress","Steroids",0
"talfredballusa","Steroids",0
"themushrooman","Steroids",0
"TheOxyMen","Steroids",0
"therealdeal","Steroids",0
"TheRealPhilMitchell","Steroids",0
"TheRxPharma","Steroids",0
"TheWizzardNL","Steroids",0
"Thuggaking54","Steroids",0
"tig3r","Steroids",0
"tomandjerryy","Steroids",0
"TonysDrugsStore","Steroids",0
"TorDrug","Steroids",0
"TreasureCrib","Steroids",0
"TyskieCrew","Steroids",0
"UKnarcotics","Steroids",0
"uspsexpress","Steroids",0
"Utopia","Steroids",0
"vandaval","Steroids",0
"walmart","Steroids",0
"wanderingsoul","Steroids",0
"weedator","Steroids",0
"WEEDBAR","Steroids",0
"WeedShopHulk","Steroids",0
"wholelottacarts","Steroids",0
"xanaxlife","Steroids",0
"xancan","Steroids",0
"yodiweed","Steroids",0
"YOURDEALER","Steroids",0
"YourFavSisters","Steroids",0
"yourvendorssupplier","Steroids",0
"1hero","Stimulants",0
"4free","Stimulants",0
"alfa","Stimulants",0
"AmphetamineCowboys","Stimulants",1
"AmsterdamExpress","Stimulants",0
"andy24","Stimulants",0
"AskFrankUKXXX","Stimulants",0
"avbeaau","Stimulants",1
"backatit28","Stimulants",0
"bcpremo","Stimulants",0
"benzoworld","Stimulants",0
"Blacklist","Stimulants",0
"bluemagic","Stimulants",2
"BMPLC","Stimulants",4
"BritishPablo","Stimulants",2
"BSPLLC","Stimulants",0
"Bulkexpress","Stimulants",0
"CafeNero","Stimulants",3
"cannedgoods","Stimulants",2
"CENAGANG94","Stimulants",0
"cocainecartel","Stimulants",0
"coffeshop","Stimulants",1
"commissionerau","Stimulants",1
"CovidSurvivor2020","Stimulants",0
"Ctrel","Stimulants",0
"DarkAngus","Stimulants",0
"Darklight","Stimulants",1
"darkweeder","Stimulants",1
"DigitalSin","Stimulants",0
"discover","Stimulants",0
"dobdom4eu","Stimulants",0
"DoctorPotenz","Stimulants",0
"DopeSeller","Stimulants",0
"dreamjar","Stimulants",0
"DreamSeven","Stimulants",0
"drkend","Stimulants",0
"DrogenOma","Stimulants",1
"DrRelax","Stimulants",2
"DruggieBears","Stimulants",3
"DRUGSDIRECT","Stimulants",0
"drugstar","Stimulants",0
"Dutchchampion","Stimulants",15
"dutchpharmacy","Stimulants",0
"El-Chapo","Stimulants",2
"EU-League","Stimulants",0
"ezinpharma","Stimulants",2
"fastfrance","Stimulants",0
"fatherless","Stimulants",0
"Firefly","Stimulants",0
"FrankMatthews","Stimulants",1
"frosties2014","Stimulants",0
"FungiRx","Stimulants",0
"GermanDrugScout24","Stimulants",1
"GermanFly","Stimulants",0
"GermanTraffic","Stimulants",1
"GQDS24","Stimulants",0
"gratefullydead","Stimulants",0
"GreenConnection","Stimulants",0
"greenpirate","Stimulants",0
"groonspark","Stimulants",0
"Grüneapotheke","Stimulants",0
"HighClass","Stimulants",0
"Hilfiger","Stimulants",0
"hollandgottalent","Stimulants",0
"Hudson","Stimulants",4
"hydroguru","Stimulants",6
"Inception","Stimulants",0
"islandboys","Stimulants",6
"ketocrisis","Stimulants",0
"kings","Stimulants",0
"LeParfait","Stimulants",0
"letsgetbaked","Stimulants",0
"Lidocaineshop","Stimulants",1
"LucySkyDiamonds","Stimulants",0
"marshall","Stimulants",1
"MasterMeds","Stimulants",0
"maurelius","Stimulants",0
"maxverstappen","Stimulants",1
"mendosa","Stimulants",0
"MicroDroper","Stimulants",0
"monsterlabstore","Stimulants",0
"Mrjohnson","Stimulants",1
"MrLoud","Stimulants",0
"mrmaster55","Stimulants",0
"NARCOTICSDIRECT","Stimulants",0
"OliverTwiztt","Stimulants",1
"oxytop","Stimulants",0
"ozbabe","Stimulants",0
"ozconnection","Stimulants",1
"PingPongUK","Stimulants",0
"POPEYE_GERMANY","Stimulants",1
"popsnsmoke","Stimulants",1
"probitexchange","Stimulants",2
"Psychetopia","Stimulants",0
"qualimoon","Stimulants",0
"queenofcannabis","Stimulants",0
"quickdeals","Stimulants",0
"Rainb0wPirates","Stimulants",0
"realchemsupplier","Stimulants",0
"Replicagod","Stimulants",0
"revenantchild","Stimulants",0
"RXChemist","Stimulants",2
"S1991","Stimulants",0
"SafestShipping","Stimulants",2
"Safety1st","Stimulants",0
"SelectaCH","Stimulants",1
"Shark_Hash","Stimulants",0
"ShiloM69","Stimulants",0
"shinyflakes","Stimulants",0
"SimpleMeds","Stimulants",5
"SkullsandSkills","Stimulants",0
"SocialPharma","Stimulants",0
"speedexpressgerm","Stimulants",1
"spyder1","Stimulants",0
"straightfromnl","Stimulants",1
"stromer","Stimulants",0
"STUNNAGANG","Stimulants",0
"StuttgartExpress","Stimulants",1
"talfredballusa","Stimulants",0
"themushrooman","Stimulants",0
"TheOxyMen","Stimulants",1
"therealdeal","Stimulants",0
"TheRealPhilMitchell","Stimulants",1
"TheRxPharma","Stimulants",2
"TheWizzardNL","Stimulants",1
"Thuggaking54","Stimulants",1
"tig3r","Stimulants",0
"tomandjerryy","Stimulants",1
"TonysDrugsStore","Stimulants",1
"TorDrug","Stimulants",0
"TreasureCrib","Stimulants",6
"TyskieCrew","Stimulants",2
"UKnarcotics","Stimulants",0
"uspsexpress","Stimulants",0
"Utopia","Stimulants",0
"vandaval","Stimulants",1
"walmart","Stimulants",1
"wanderingsoul","Stimulants",0
"weedator","Stimulants",0
"WEEDBAR","Stimulants",0
"WeedShopHulk","Stimulants",0
"wholelottacarts","Stimulants",0
"xanaxlife","Stimulants",2
"xancan","Stimulants",1
"yodiweed","Stimulants",0
"YOURDEALER","Stimulants",2
"YourFavSisters","Stimulants",1
"yourvendorssupplier","Stimulants",1
"1hero","Weight Loss",0
"4free","Weight Loss",0
"alfa","Weight Loss",0
"AmphetamineCowboys","Weight Loss",0
"AmsterdamExpress","Weight Loss",0
"andy24","Weight Loss",0
"AskFrankUKXXX","Weight Loss",0
"avbeaau","Weight Loss",0
"backatit28","Weight Loss",0
"bcpremo","Weight Loss",0
"benzoworld","Weight Loss",0
"Blacklist","Weight Loss",0
"bluemagic","Weight Loss",0
"BMPLC","Weight Loss",0
"BritishPablo","Weight Loss",0
"BSPLLC","Weight Loss",0
"Bulkexpress","Weight Loss",0
"CafeNero","Weight Loss",0
"cannedgoods","Weight Loss",0
"CENAGANG94","Weight Loss",0
"cocainecartel","Weight Loss",0
"coffeshop","Weight Loss",0
"commissionerau","Weight Loss",0
"CovidSurvivor2020","Weight Loss",0
"Ctrel","Weight Loss",0
"DarkAngus","Weight Loss",0
"Darklight","Weight Loss",0
"darkweeder","Weight Loss",0
"DigitalSin","Weight Loss",0
"discover","Weight Loss",0
"dobdom4eu","Weight Loss",1
"DoctorPotenz","Weight Loss",0
"DopeSeller","Weight Loss",0
"dreamjar","Weight Loss",0
"DreamSeven","Weight Loss",0
"drkend","Weight Loss",0
"DrogenOma","Weight Loss",0
"DrRelax","Weight Loss",0
"DruggieBears","Weight Loss",0
"DRUGSDIRECT","Weight Loss",0
"drugstar","Weight Loss",0
"Dutchchampion","Weight Loss",0
"dutchpharmacy","Weight Loss",0
"El-Chapo","Weight Loss",0
"EU-League","Weight Loss",0
"ezinpharma","Weight Loss",0
"fastfrance","Weight Loss",0
"fatherless","Weight Loss",0
"Firefly","Weight Loss",0
"FrankMatthews","Weight Loss",0
"frosties2014","Weight Loss",0
"FungiRx","Weight Loss",0
"GermanDrugScout24","Weight Loss",0
"GermanFly","Weight Loss",0
"GermanTraffic","Weight Loss",0
"GQDS24","Weight Loss",0
"gratefullydead","Weight Loss",0
"GreenConnection","Weight Loss",0
"greenpirate","Weight Loss",0
"groonspark","Weight Loss",0
"Grüneapotheke","Weight Loss",0
"HighClass","Weight Loss",0
"Hilfiger","Weight Loss",0
"hollandgottalent","Weight Loss",0
"Hudson","Weight Loss",0
"hydroguru","Weight Loss",0
"Inception","Weight Loss",0
"islandboys","Weight Loss",0
"ketocrisis","Weight Loss",0
"kings","Weight Loss",0
"LeParfait","Weight Loss",0
"letsgetbaked","Weight Loss",0
"Lidocaineshop","Weight Loss",0
"LucySkyDiamonds","Weight Loss",0
"marshall","Weight Loss",0
"MasterMeds","Weight Loss",0
"maurelius","Weight Loss",0
"maxverstappen","Weight Loss",0
"mendosa","Weight Loss",0
"MicroDroper","Weight Loss",0
"monsterlabstore","Weight Loss",0
"Mrjohnson","Weight Loss",0
"MrLoud","Weight Loss",0
"mrmaster55","Weight Loss",0
"NARCOTICSDIRECT","Weight Loss",0
"OliverTwiztt","Weight Loss",0
"oxytop","Weight Loss",0
"ozbabe","Weight Loss",0
"ozconnection","Weight Loss",0
"PingPongUK","Weight Loss",0
"POPEYE_GERMANY","Weight Loss",0
"popsnsmoke","Weight Loss",0
"probitexchange","Weight Loss",0
"Psychetopia","Weight Loss",0
"qualimoon","Weight Loss",0
"queenofcannabis","Weight Loss",0
"quickdeals","Weight Loss",0
"Rainb0wPirates","Weight Loss",0
"realchemsupplier","Weight Loss",0
"Replicagod","Weight Loss",0
"revenantchild","Weight Loss",0
"RXChemist","Weight Loss",0
"S1991","Weight Loss",0
"SafestShipping","Weight Loss",0
"Safety1st","Weight Loss",0
"SelectaCH","Weight Loss",0
"Shark_Hash","Weight Loss",0
"ShiloM69","Weight Loss",0
"shinyflakes","Weight Loss",0
"SimpleMeds","Weight Loss",0
"SkullsandSkills","Weight Loss",0
"SocialPharma","Weight Loss",0
"speedexpressgerm","Weight Loss",0
"spyder1","Weight Loss",0
"straightfromnl","Weight Loss",0
"stromer","Weight Loss",0
"STUNNAGANG","Weight Loss",0
"StuttgartExpress","Weight Loss",0
"talfredballusa","Weight Loss",0
"themushrooman","Weight Loss",0
"TheOxyMen","Weight Loss",0
"therealdeal","Weight Loss",0
"TheRealPhilMitchell","Weight Loss",0
"TheRxPharma","Weight Loss",0
"TheWizzardNL","Weight Loss",0
"Thuggaking54","Weight Loss",0
"tig3r","Weight Loss",0
"tomandjerryy","Weight Loss",0
"TonysDrugsStore","Weight Loss",0
"TorDrug","Weight Loss",0
"TreasureCrib","Weight Loss",0
"TyskieCrew","Weight Loss",0
"UKnarcotics","Weight Loss",0
"uspsexpress","Weight Loss",0
"Utopia","Weight Loss",0
"vandaval","Weight Loss",0
"walmart","Weight Loss",0
"wanderingsoul","Weight Loss",0
"weedator","Weight Loss",0
"WEEDBAR","Weight Loss",0
"WeedShopHulk","Weight Loss",0
"wholelottacarts","Weight Loss",0
"xanaxlife","Weight Loss",0
"xancan","Weight Loss",0
"yodiweed","Weight Loss",0
"YOURDEALER","Weight Loss",0
"YourFavSisters","Weight Loss",0
"yourvendorssupplier","Weight Loss",0
